ID,Group,Mtb.burden,Plasma.Wk8.HspX.IgG1,Plasma.Wk8.PPD.IgG1,Plasma.Wk8.LAM.IgG1,Plasma.Wk8.PstS1.IgG1,Plasma.Wk8.Apa.IgG1,Plasma.Wk8.HspX.IgM,Plasma.Wk8.PPD.IgM,Plasma.Wk8.LAM.IgM,Plasma.Wk8.PstS1.IgM,Plasma.Wk8.Apa.IgM,Plasma.Wk8.HspX.IgA,Plasma.Wk8.PPD.IgA,Plasma.Wk8.LAM.IgA,Plasma.Wk8.PstS1.IgA,Plasma.Wk8.Apa.IgA,Plasma.ToC.HspX.IgG1,Plasma.ToC.PPD.IgG1,Plasma.ToC.LAM.IgG1,Plasma.ToC.PstS1.IgG1,Plasma.ToC.Apa.IgG1,Plasma.ToC.HspX.IgM,Plasma.ToC.PPD.IgM,Plasma.ToC.LAM.IgM,Plasma.ToC.PstS1.IgM,Plasma.ToC.Apa.IgM,Plasma.ToC.HspX.IgA,Plasma.ToC.PPD.IgA,Plasma.ToC.LAM.IgA,Plasma.ToC.PstS1.IgA,Plasma.ToC.Apa.IgA,Plasma.pi.HspX.IgG1,Plasma.pi.PPD.IgG1,Plasma.pi.LAM.IgG1,Plasma.pi.PstS1.IgG1,Plasma.pi.Apa.IgG1,Plasma.pi.HspX.IgM,Plasma.pi.PPD.IgM,Plasma.pi.LAM.IgM,Plasma.pi.PstS1.IgM,Plasma.pi.Apa.IgM,Plasma.pi.HspX.IgA,Plasma.pi.PPD.IgA,Plasma.pi.LAM.IgA,Plasma.pi.PstS1.IgA,Plasma.pi.Apa.IgA,Plasma.Wk8.HspX.R2A,Plasma.Wk8.PPD.R2A,Plasma.Wk8.LAM.R2A,Plasma.Wk8.PstS1.R2A,Plasma.Wk8.Apa.R2A,Plasma.Wk8.HspX.R3A,Plasma.Wk8.PPD.R3A,Plasma.Wk8.LAM.R3A,Plasma.Wk8.PstS1.R3A,Plasma.Wk8.Apa.R3A,Plasma.ToC.HspX.R2A,Plasma.ToC.PPD.R2A,Plasma.ToC.LAM.R2A,Plasma.ToC.PstS1.R2A,Plasma.ToC.Apa.R2A,Plasma.ToC.HspX.R3A,Plasma.ToC.PPD.R3A,Plasma.ToC.LAM.R3A,Plasma.ToC.PstS1.R3A,Plasma.ToC.Apa.R3A,Plasma.pi.HspX.R2A,Plasma.pi.PPD.R2A,Plasma.pi.LAM.R2A,Plasma.pi.PstS1.R2A,Plasma.pi.Apa.R2A,Plasma.pi.HspX.R3A,Plasma.pi.PPD.R3A,Plasma.pi.LAM.R3A,Plasma.pi.PstS1.R3A,Plasma.pi.Apa.R3A,BAL.Wk4.HspX.IgG1,BAL.Wk4.PPD.IgG1,BAL.Wk4.LAM.IgG1,BAL.Wk4.PstS1.IgG1,BAL.Wk4.Apa.IgG1,BAL.Wk4.HspX.IgM,BAL.Wk4.PPD.IgM,BAL.Wk4.LAM.IgM,BAL.Wk4.PstS1.IgM,BAL.Wk4.Apa.IgM,BAL.Wk4.HspX.IgA,BAL.Wk4.PPD.IgA,BAL.Wk4.LAM.IgA,BAL.Wk4.PstS1.IgA,BAL.Wk4.Apa.IgA,BAL.Wk16.HspX.IgG1,BAL.Wk16.PPD.IgG1,BAL.Wk16.LAM.IgG1,BAL.Wk16.PstS1.IgG1,BAL.Wk16.Apa.IgG1,BAL.Wk16.HspX.IgM,BAL.Wk16.PPD.IgM,BAL.Wk16.LAM.IgM,BAL.Wk16.PstS1.IgM,BAL.Wk16.Apa.IgM,BAL.Wk16.HspX.IgA,BAL.Wk16.PPD.IgA,BAL.Wk16.LAM.IgA,BAL.Wk16.PstS1.IgA,BAL.Wk16.Apa.IgA,BAL.Wk4.HspX.R2A,BAL.Wk4.PPD.R2A,BAL.Wk4.LAM.R2A,BAL.Wk4.PstS1.R2A,BAL.Wk4.Apa.R2A,BAL.Wk4.HspX.R3A,BAL.Wk4.PPD.R3A,BAL.Wk4.LAM.R3A,BAL.Wk4.PstS1.R3A,BAL.Wk4.Apa.R3A,BAL.Wk16.HspX.R2A,BAL.Wk16.PPD.R2A,BAL.Wk16.LAM.R2A,BAL.Wk16.PstS1.R2A,BAL.Wk16.Apa.R2A,BAL.Wk16.HspX.R3A,BAL.Wk16.PPD.R3A,BAL.Wk16.LAM.R3A,BAL.Wk16.PstS1.R3A,BAL.Wk16.Apa.R3A
05G,Hi-ID,50,-0.051826215,-0.268034562,1.204601724,-0.499984412,0.673383463,0.679617844,2.101456222,1.364608633,0.197658834,1.388754775,-0.746298904,-0.877083045,0.750468597,-1.292218897,-0.790202874,-0.10155199,-0.497481178,-0.357246354,-0.436231709,-0.263108843,1.771195484,2.043124675,0.335012574,0.311466009,1.442943763,-1.618731935,-0.75898814,-0.382244916,-1.16203506,-0.718326586,1.526967087,0.276901152,-0.064436568,-0.292538793,-0.071190116,2.213784468,2.482505154,0.559355848,0.194818979,1.613735845,-0.201028254,-0.621210751,-0.22416087,-1.069046604,-0.531448239,-0.162617178,-0.22881973,-0.450619243,-0.553981239,-0.124173634,0.10794549,-0.538029146,-0.476955378,-0.743769203,-0.373729733,0.43180118,-0.212510063,-0.454035762,-0.501629104,-0.371911285,0.529235568,-0.330199994,-0.477915746,-0.589714646,-0.274502184,-0.736178754,-0.240950888,-0.453607358,-0.534821704,-0.492745462,0.030708974,-0.407843091,-0.47921868,-0.598059064,-0.323494232,-0.660258647,-0.207872866,-0.327136083,-0.235274481,-0.246537203,-0.215196579,-0.399416355,-0.301757559,-0.282729097,-0.347399789,-0.539972495,-0.215485848,-0.345009794,-0.308671906,-0.34332619,-0.720527513,-0.211424082,-0.335093322,-0.244651296,-0.262967837,-0.209642824,-0.403875992,-0.301872366,-0.283216624,-0.337862685,-0.625587682,-0.212065319,-0.365620888,-0.352756947,-0.36208756,0.228154062,-0.13079141,-0.242516441,-0.132081289,-0.126688711,-0.835534647,-0.214959453,-0.303643664,-0.37929978,-0.462276209,-0.045745509,-0.167135805,-0.243146781,-0.280916827,-0.331611147,-0.010248558,-0.210699702,-0.347911632,-0.347624384,-0.385514996
077,ID/AE,22800,-0.491175455,-0.163765533,-0.086802243,-0.391210116,-0.242580015,-0.193646695,0.113373934,-0.735071756,-0.484201994,-1.082892288,-0.404922831,0.95552115,-0.146074829,-0.42416654,-0.206478221,-0.464188207,-0.379284517,-0.513232096,-0.608596013,-0.306901816,-0.708116044,0.254472971,-0.937058187,-0.497938671,-1.135293641,-1.129820782,2.137187232,-0.584884563,-0.598000164,-0.553680141,-0.450694583,-0.406626478,-0.395691686,-0.526893931,-0.338088144,-0.929771362,0.002101605,-0.65093182,-0.465962234,-1.06712928,-0.740851149,0.358951866,-0.411791202,-0.278522154,-0.310638797,0.57449635,-0.197984792,2.285006098,-0.250205477,0.502828957,-0.205119849,-0.160950685,4.57091643,-0.203984004,1.52190691,0.930278332,-0.190045307,0.113836049,-0.338472986,-0.32914171,0.27196776,-0.413290751,1.132029004,-0.636899906,-0.333394605,1.564498389,-0.200319934,2.416585415,-0.353604558,1.075999589,0.048028677,-0.342028047,3.406012262,-0.499922609,0.493424549,-0.024087281,-0.167337948,-0.332170061,-0.241188825,-0.207577567,-0.144784544,-0.245668787,-0.268604007,-0.249580534,-0.246858631,-0.595089233,-0.274275348,-0.354310651,-0.280593934,-0.389022491,-0.386309255,-0.139627701,-0.333302761,-0.257107025,-0.226581557,-0.355641634,-0.325221477,-0.293218961,-0.271074559,-0.363172264,-0.582388077,-0.191855576,-0.361478443,-0.304079714,-0.436667647,1.549178145,-0.141180594,-0.242796178,-0.166786282,-0.368545252,1.215350777,-0.20902739,-0.342564519,-0.346276922,-0.212342431,1.145230097,-0.153696742,-0.243192624,-0.164719135,-0.364271885,3.401951245,-0.19650726,-0.346545236,-0.190141237,0.184257164
07C,IV,0,-0.411820096,-0.441649168,2.538717453,-0.028750649,0.003026442,-0.302742092,-0.23239785,1.458664483,-0.194043631,0.680400168,0.157229886,0.391229669,2.657604698,0.137855898,-0.481893444,-0.932127799,-0.452356677,0.163012714,-0.228367092,-0.260002268,-0.340406567,-0.667797214,-0.206364304,-0.081538971,-0.276259814,-0.892580344,0.468510591,-0.010076909,-0.537117265,-0.802231375,-0.373748802,0.285696606,-0.199995787,-0.077569887,-0.20334993,-0.213657422,-0.881151594,-0.441287069,-0.281472672,-0.40596065,-0.803234794,1.040389395,0.005341779,-0.651877803,-0.473608841,0.357620269,0.019512849,-0.441648363,5.957101984,0.227764209,-0.326016639,1.054166379,-0.473080566,3.959887034,-0.123313623,0.417741851,-0.133449727,-0.451010904,1.303302674,-0.467544596,-0.76531437,0.092937014,-0.475503637,1.813291039,-0.438707614,3.183334597,0.153533321,-0.445663926,3.397512364,-0.055139784,0.074746201,0.237564701,-0.473505597,1.712792454,-0.358284569,-0.498409021,-0.138949785,1.239491168,0.174501957,0.338165042,-0.170303718,-0.185059747,-0.209101864,-0.210090207,-0.228268239,-0.055650362,-0.126829045,0.726527148,0.049820524,0.013411764,-0.112414057,-0.182104274,-0.328388126,-0.201680312,-0.19199478,-0.325346076,-0.299001017,-0.295967171,-0.275183138,-0.374207426,-0.117753317,-0.126829045,-0.308933334,-0.257227673,-0.279700671,-2.126186335,-0.005531752,4.597901302,8.371407532,3.430426443,-1.240062918,-0.13757914,3.575081415,3.086719054,1.555140635,-0.013172051,-0.138257028,-0.045186153,0.681785295,-0.135042192,0.346891217,-0.207630105,0.037849675,-0.082189292,-0.100395551
07E,Lo-ID,9645616.724,-0.196082757,-0.247040306,-0.460771248,-0.260925784,-0.251012264,0.537827317,1.838853528,-0.460894654,-0.225908637,-0.060027192,0.187883641,-0.745352685,-0.281748399,0.204776388,0.328399271,-0.640247869,-0.702295703,-0.536082352,-0.851337762,-0.560915862,-0.505005712,0.481199094,-0.272149125,-0.388282438,-0.250445019,0.085430155,0.188972468,-0.660135943,-1.32860617,-0.319944146,-0.462581823,-0.65903614,-0.511863773,-0.825430351,-0.416025868,-0.362852591,0.623135694,-0.074498934,-0.346585782,0.3904613,0.085430155,-0.204677216,-0.517372028,-1.283970033,0.204059438,-0.105589189,-0.228358222,-0.458415587,-0.357782533,-0.683478734,0.205068707,0.131605741,-0.479432422,1.56474672,-0.221314952,1.504029517,-0.30290936,-0.463679439,-0.668927893,-0.963816314,-0.058758541,-0.66341161,-0.488425333,-0.838690062,-0.859277762,1.711722249,-0.302215671,-0.463422129,-0.662166925,-0.962213076,-0.115292952,-0.607390167,-0.483644991,-0.793949651,-0.7545376,0.088318937,-0.204913519,-0.333894169,-0.247572687,-0.250551763,-0.517319405,-0.330809621,-0.299666696,-0.281230842,-0.341857149,-0.411526321,-0.327309852,-0.349765397,-0.359422445,-0.307691711,0.781889221,-0.196627348,-0.330348817,-0.198533024,-0.210324412,-0.388559559,-0.279892116,-0.300022028,-0.27819866,-0.337566165,-0.040152903,-0.268315472,-0.351014395,-0.335820398,-0.336067635,0.217439679,-0.152830291,-0.243983296,-0.166030009,-0.300899048,0.086345003,-0.225395044,-0.347742712,-0.301352924,-0.362214277,-0.162903445,-0.11976979,-0.220797692,-0.095969667,-0.162399297,-0.048505775,-0.205612156,-0.325071136,-0.24774598,-0.282227805
0BD,AE,90895.5,-0.672711762,0.106040576,-0.493568911,-0.491760857,-0.189228625,-0.519742124,-0.863516644,-0.506419107,-0.339091525,-0.116313413,0.910993391,0.607616245,-0.281414996,-0.241370442,0.080334609,-0.486782181,-0.020087973,-0.515481072,-0.530566398,-0.294654973,-0.350214408,-0.305270493,-0.348868802,-0.074933883,-0.366589836,0.182313529,0.110120327,-0.559940548,0.441029381,0.035891349,-0.288457294,1.009436311,-0.449987229,-0.080627254,0.028213217,-0.549558556,-0.925543995,-0.391047357,-0.163074198,-0.652042429,0.112915448,0.385433603,-0.161547943,0.482386945,0.663035134,-0.599829964,-0.183168263,-0.459491678,-0.323047799,-0.330846342,0.146929219,1.054487299,-0.478233499,-0.02221877,0.012624037,-0.079384966,-0.25368281,-0.462896292,-0.557975168,-0.827629506,0.377287621,0.658219937,-0.480991103,-0.140204032,-0.151134275,0.602976254,-0.204180173,-0.461342877,-0.495993044,-0.683709301,0.838004428,1.486035542,-0.478813618,-0.208800115,0.07446284,-0.480977842,-0.205702678,-0.334834382,-0.256248935,-0.246030084,-0.488272637,-0.35929762,-0.300206881,-0.280400094,-0.340266345,-0.259845609,-0.249442377,-0.3542809,-0.325883489,-0.316226431,-0.258466206,-0.181198126,-0.334115795,-0.266563431,-0.283068163,-0.440762629,-0.353346639,-0.301944694,-0.280102013,-0.344934099,-0.373905318,-0.328549897,-0.361777703,-0.350303718,-0.334987803,0.942998125,-0.103624614,-0.243312619,-0.161255297,-0.159971396,0.013867193,-0.22388455,-0.352958812,-0.328298489,-0.313427777,1.037886486,-0.117633808,-0.243999862,-0.143883819,0.047437758,0.989007256,-0.192888103,-0.353077645,-0.231817951,-0.094508873
0E1,IV,0,0.033586037,0.96156646,2.290960012,1.389246928,0.263910236,1.137038772,3.250063506,2.490991475,0.733113093,2.34468521,-1.824068092,-1.206462666,0.436975952,-0.421360022,-0.509190335,-0.302690391,-0.097833358,-0.424857417,-0.318704044,-0.220266027,1.290637064,2.317015017,0.678173982,0.23560318,1.490674098,-2.099650821,-1.430051898,-0.396605503,-0.795983808,-1.050908745,-0.262337218,-0.342544076,-0.417937206,-0.525912002,-0.236540859,0.753951906,1.478322662,0.295213258,0.1113034,1.585460824,-2.600710338,-1.422472602,-0.46261377,-1.032925347,-0.950428718,0.889576421,-0.077401225,0.579285805,0.098414908,0.166252038,-0.258449216,0.4466992,-0.143856638,1.699000299,0.401627374,0.877242509,-0.195734273,-0.279279762,-0.363777489,-0.433625313,-0.175467836,-0.279913822,-0.37274442,-0.412582259,-0.372898494,0.667565995,-0.211675513,-0.356751029,-0.374136974,-0.404192078,0.289227887,-0.411217534,-0.415526358,-0.495757684,-0.501815613,0.104088692,-0.061072732,1.413828432,0.330434128,0.056720052,0.749914289,0.862926691,0.699060846,0.191593285,0.754244913,0.518444155,0.341205338,1.035873303,0.610814132,0.185031425,0.060142644,-0.194463773,-0.304921954,-0.218478283,-0.210997171,-0.284511137,-0.293645504,-0.269379091,-0.263560574,-0.308053716,-0.09703097,-0.236009025,-0.322281374,-0.310389327,-0.45087385,-1.623036868,-0.13806582,0.058384376,-0.267008108,-0.199520408,0.524505955,-0.182391877,0.273334964,0.014618871,0.051861968,-0.01129096,-0.114557549,-0.240557319,-0.172250012,-0.084193919,0.152130682,-0.206663516,-0.337581026,-0.242009739,-0.142923656
0EN,ID/AE,501479.0151,-0.545837522,-0.084153877,-0.219135797,-0.209573626,-0.145153038,-0.565910204,-1.046125373,-0.617247166,-0.46933779,-0.801727266,-1.371903316,-0.695020066,-0.351275479,-0.73103592,-0.440053822,-0.287825687,-0.325824711,-0.428914041,-0.437552058,-0.260889863,-0.536418941,-0.515126578,-0.621964686,-0.364204012,-0.870333825,-0.810538167,-0.463750877,-0.407920541,-0.775134989,-0.518436155,-0.301405256,-0.245267766,-0.122027301,-0.348893779,-0.257031969,-0.575526921,-1.046672373,-0.734052141,-0.469130045,-1.056276835,-0.364748196,-0.252164172,-0.305065035,-0.45541673,-0.016789239,0.100817164,-0.180029557,-0.368502633,-0.196116622,0.19127632,-0.681434721,-0.115707895,-0.460833962,-0.152544851,0.063176993,1.589164824,-0.188313629,-0.410852296,-0.24511217,-0.224603866,-0.264156931,-0.343196288,-0.470020081,-0.34403171,-0.235310723,1.03730558,-0.170626017,-0.361585559,-0.22878032,0.012272874,-0.233247464,-0.275332104,-0.467382968,-0.355999639,-0.235310723,-0.668926759,-0.194446892,-0.331438955,-0.234245669,-0.242679276,-0.3314972,-0.331724834,-0.292788294,-0.274247556,-0.338182124,-0.419820799,-0.382995443,-0.341999325,-0.347225537,-0.349836985,-0.588619258,-0.215409849,-0.333627125,-0.238710818,-0.258644892,-0.308341763,-0.359509752,-0.290164785,-0.273530604,-0.356012362,-0.583474608,-0.355679383,-0.351261829,-0.356896153,-0.416401301,0.451553793,-0.127057215,-0.242672905,-0.129178031,-0.1335314,1.565816806,-0.192474869,-0.325641289,-0.208629122,-0.013523488,2.752664744,-0.130978267,-0.243134878,-0.103197486,-0.062059327,2.693046128,-0.191375082,-0.345638776,-0.085033533,0.020963433
0MI,Hi-ID,67930,1.338485971,2.231148973,-0.212957003,0.476274465,0.804896593,2.18864142,1.763498531,2.450278957,1.234844348,2.998793319,0.730446451,1.843473658,1.473485282,4.484957377,1.992862361,0.392231752,1.015952953,-0.426544556,-0.087378354,-0.026729121,1.641835257,1.112652225,0.700811644,0.442411115,2.008917521,-0.881268045,0.132191005,-0.050828946,0.105727962,0.142745562,1.151571559,1.380411907,-0.410605972,0.716859804,0.130705591,1.684178056,0.925135253,0.604005452,0.441155277,1.419801155,-0.085876478,0.15952779,0.083813286,1.559079931,0.858448638,-0.767575168,0.077151525,-0.45109028,0.341571819,-0.281888552,-0.038714523,1.36818047,-0.479762272,0.519278156,0.34964266,-0.124073842,-0.177816428,-0.459225624,-0.407233456,-0.48529368,-1.116808601,-0.285738573,-0.482422401,-0.683007779,-0.396385564,-0.529974678,-0.142327646,-0.455206321,-0.178007351,-0.239732049,-0.925619505,-0.362278342,-0.483902561,-0.19935063,-0.560250008,-0.954082801,-0.211347358,-0.305010635,-0.257563673,-0.275124458,-0.161047458,-0.293983676,-0.294764343,-0.273185915,-0.322869304,-0.425401811,-0.238867185,-0.317422437,0.71290921,0.425706089,-0.484071588,-0.218120974,-0.296771931,-0.246152735,-0.244370338,-0.178886263,-0.3202196,-0.2914777,-0.263258889,-0.32348093,-0.453852398,-0.257445226,-0.27812517,0.136638658,-0.030084867,1.630748973,-0.143267651,-0.234977352,-0.128084683,-0.255310949,0.188906924,-0.20846516,-0.077505168,-0.187141757,-0.196457832,-0.956287329,-0.142086843,-0.231328548,-0.222293027,-0.230932877,-1.246041194,-0.229875935,-0.106263923,-0.343279983,-0.417012381
0NF,ID/AE,397670.9677,0.558509841,0.401980421,-0.073218149,0.064407822,1.139002158,-0.612657531,-1.058731664,-0.556160156,-0.305888471,-0.78152612,-0.050061919,-0.503069499,1.402440852,0.403465164,0.20023153,-0.003773905,-0.359562447,-0.347612767,-0.439423041,0.282742542,-0.301331743,-0.776542813,-0.694961696,-0.36677739,-0.867007712,-0.491221396,-0.414081187,0.062933787,-0.235971356,0.067312482,0.804508976,0.075604906,-0.230623488,0.056099032,10.58622265,-0.075226802,-0.210721036,-0.546965063,-0.328641774,-0.770566941,-0.362549883,-0.166891431,2.651832638,0.967303276,0.46148621,-0.777475189,-0.133208378,-0.45439901,0.221073471,-0.260668761,-0.535352223,0.183010879,-0.4762559,0.229879453,-0.318035261,0.005526425,-0.180245029,-0.453660498,-0.237039351,0.021194187,-0.947435689,-0.476825979,-0.479597414,-0.627996839,-0.518405756,-0.412974438,-0.10978375,-0.453034628,-0.031494173,-0.058859761,-0.668673345,-0.331892517,-0.477331424,-0.311230216,-0.235684663,-0.320507687,-0.153123032,-0.151561501,-0.230494459,-0.21776918,-0.452684533,-0.297825275,-0.292890903,-0.26860604,-0.342075895,-0.724982229,-0.177721451,-0.214326072,-0.31375033,-0.309972641,-0.196424726,-0.164973203,-0.155197118,-0.218805205,-0.200944595,-0.287109935,-0.198217487,-0.287312738,-0.2425538,-0.317118493,-0.421367774,-0.231283006,-0.201625214,-0.322615061,-0.309972641,-0.046191099,-0.16240628,-0.170809747,-0.188961637,-0.126561396,-0.189285236,-0.21435278,0.450054139,-0.069283476,0.195065215,0.408219473,-0.159913856,-0.063577043,-0.132361163,-0.183660298,-0.308910262,-0.223581088,0.47954267,-0.108493244,0.195065215
0NR,IV,30,-0.1326306,0.434412372,0.442517595,0.843577583,0.430186216,0.121543731,0.057674288,0.188219403,-0.180364924,0.005760037,0.743190142,0.706087093,0.097852555,0.94020725,0.328093014,-0.257227565,-0.116821147,-0.361240605,-0.166173843,-0.037152521,0.041199531,-0.439673903,-0.547599594,-0.43540523,-0.492237528,0.436152886,-0.04685196,-0.333622677,0.030981393,0.172821352,-0.43720096,0.00429495,-0.481435282,-0.083687107,-0.177750191,-0.403321638,-0.729649845,-0.823039148,-0.441630694,-0.649863142,-0.362143981,-0.076730494,-0.452756266,-0.106164407,-0.388545435,-1.031508708,-0.156250927,0.197294448,-0.235787056,0.333118232,0.914389514,0.982784275,1.706496922,1.735930187,2.122584027,-1.8230078,-0.170403706,-0.18644619,-0.434290344,0.345820074,0.030664252,-0.004950042,0.21474926,-0.065563655,0.688084154,-0.937282624,-0.193850847,-0.244248421,-0.422573136,0.331706916,-0.341430595,-0.165183743,0.127231098,-0.247433429,0.239943692,0.274760908,0.039888129,0.394287771,0.029001863,0.301547841,2.133812817,1.163022654,1.974353761,1.1553714,2.028000212,0.980518869,0.280918505,1.352037926,0.642174753,0.530388843,-0.412107916,-0.128912541,-0.17788745,-0.193163435,-0.150269239,0.573697858,-0.042312722,-0.067861167,-0.116105193,0.007030379,-0.695700993,-0.191114575,-0.091371816,-0.243857228,-0.235801342,0.42090946,-0.094694856,0.032563098,-0.071335784,0.11663126,1.083073579,0.31587671,1.384621345,2.942910988,1.714355557,0.791427324,-0.126295117,-0.233333875,-0.13993054,-0.16911832,0.113594467,-0.186852846,0.173927262,-0.22620667,-0.15191517
0TL,Hi-ID,2120,-2.235916497,-0.395299843,-0.511200558,-0.585793675,-0.222601701,-0.151020481,-0.648453892,-0.169687665,-0.002994749,-0.033498857,-1.210566091,0.123290658,-0.408564437,-0.557309158,-0.059997012,-2.985789733,-0.885528612,-0.529578175,-0.766550753,-0.65720819,-0.244246838,-0.476490764,-0.84830276,-0.457167437,-0.514547243,-1.278689138,-0.952379991,-0.711535398,-1.54007358,-1.014056387,-3.020097659,-0.952212227,-0.533251769,-0.772660851,-0.691141429,-1.329979555,-1.127977486,-0.956038905,-0.507394957,-0.609161403,-1.227596854,-0.691472643,-0.703836863,-1.505751191,-1.004186805,-0.090661273,0.033146483,-0.456755981,0.106605523,-0.114909586,-1.041982335,-0.29968784,-0.483859808,-0.62687684,-0.274396534,1.115903715,-0.274480829,-0.462637192,-0.678423678,-0.847772197,-1.220088711,-0.74987632,-0.486609421,-0.859043451,-0.880258916,1.518092043,-0.279610709,-0.463422663,-0.689420076,-0.921486476,-1.030108579,-0.74214285,-0.487014413,-0.851501871,-0.866244751,0.276012759,-0.106481192,-0.251340184,-0.157138184,-0.162827027,-0.364565379,-0.27627341,-0.298776617,-0.279711831,-0.352810146,-0.359609834,-0.226715511,-0.268021863,-0.245834978,-0.267091126,-0.03279731,-0.171220177,-0.340724293,-0.222012658,-0.222261849,-0.373342432,-0.296772225,-0.296176715,-0.278053992,-0.318635522,-0.375020568,-0.285574435,-0.368128362,-0.287169952,-0.224266258,0.507270766,-0.133310402,-0.088008204,0.3205731,0.136840734,2.000227232,-0.176374802,-0.33783481,-0.189100442,0.121456863,-0.558515314,-0.132727236,-0.24381802,-0.097002177,-0.048864482,-0.161167544,-0.220247573,-0.355442124,-0.437440756,-0.32187199
0TM,Lo-ID,29030,-0.358529646,-0.441188979,-0.509533514,-0.601896857,-0.35719634,-1.06789362,-0.9996642,0.051722497,-0.253898481,-0.356826102,-0.136983322,-0.26972639,-0.533722758,-0.295251356,-0.300764783,0.428183465,-0.523439757,-0.513171261,-0.588377683,-0.330006855,-0.328248741,-0.139178443,-0.363196609,-0.185303305,-0.069973096,0.08817733,-0.192916695,-0.526782773,-1.134052423,-0.675200815,0.082029695,-0.505161807,-0.461129211,-0.483979619,-0.311183366,-0.973123575,-0.591406727,-0.311391665,-0.307302004,-0.652046176,0.08817733,0.09511966,-0.475079885,-0.847714709,-0.423530697,0.012609185,-0.221747918,-0.444116193,-0.436247655,-0.333351042,0.222955301,-0.477395978,-0.249655772,-0.617093798,-0.537531591,0.025681396,-0.219040129,-0.454503548,-0.446692992,-0.386521544,-0.163203471,-0.522225227,-0.367913743,-0.592656444,-0.603216481,-0.157329543,-0.205501184,-0.38652827,-0.398483745,-0.340440442,0.32197037,-0.453090963,0.548449364,-0.498398077,-0.473965568,0.31341837,-0.073115416,-0.332364238,-0.147696117,-0.230274097,-0.106141006,-0.233971122,-0.285244137,-0.250676242,-0.153602079,1.266960817,0.049552731,-0.341022405,0.197361323,0.319866106,-0.839725937,-0.180991523,-0.332683176,-0.262807909,-0.270979113,-0.201312189,-0.309561427,-0.294534413,-0.272101474,-0.245630059,-0.44944426,-0.204279941,-0.359578959,-0.326836819,-0.304350856,0.176339113,-0.147238489,-0.24311957,-0.21175905,-0.169987698,-0.483645404,-0.228474046,-0.348020177,-0.403237453,-0.422306052,-0.508347064,-0.178042861,-0.242973462,-0.319374424,-0.448119332,-1.140177254,-0.234604846,-0.34781211,-0.362342713,-0.521066108
CZRJR,AE,765931.9994,0.534736811,-0.014461585,2.77660309,-0.243602213,0.087658336,-1.252922304,-0.306440462,2.300128855,0.340452358,0.342568499,-0.147327362,0.918936079,2.115990686,1.207377627,2.308955193,0.064444343,-0.446438333,-0.320147737,-0.546175938,-0.225846329,-1.064957956,-0.616608104,-0.540683663,-0.272738661,-0.672042423,0.754847706,0.367463709,0.048774325,0.7365552,0.756387539,1.96129064,1.428032201,6.826098347,2.445942011,2.835434518,-0.852154138,0.710712463,0.710252626,-0.341189372,-0.152443616,1.622323737,1.591345369,7.941217994,4.78372576,4.264787169,0.244892302,-0.14043504,2.741786062,-0.304672795,0.369176981,-0.750362832,0.432338902,0.731574439,-0.065434302,0.794684688,-0.079627596,-0.208634357,1.504170468,-0.342402595,0.158499304,-0.908928392,-0.365648857,0.072891367,-0.519246386,-0.011282215,0.335757876,0.062899962,5.080088472,1.000778279,5.644099118,-0.441577265,1.06256073,1.477809302,0.937048449,2.522083257,-0.30325199,-0.166706214,-0.33266433,-0.215309353,-0.271671831,-0.253792064,-0.311146907,-0.252689961,-0.247159708,-0.276029577,-0.080115162,-0.195790218,-0.333486779,-0.249279559,-0.267640965,0.055034267,-0.168707173,-0.331830741,-0.211804002,-0.228935586,-0.37141937,-0.341060576,-0.293285946,-0.274677357,-0.329091839,-0.181565133,-0.170467265,-0.338833683,-0.252410997,0.008726956,-0.954120922,-0.18010812,-0.243125707,-0.265504675,-0.340547532,-0.995109059,-0.239562997,-0.345081389,-0.367103568,-0.415503043,-1.326184131,-0.194310578,-0.243203777,-0.364555503,-0.47231169,-1.086114672,-0.241962139,-0.346809813,-0.428986182,-0.502226155
DF2A,IV,0,6.806107007,6.400945691,1.784273596,3.166182846,1.223407785,0.103031275,0.719923213,2.485637914,0.989073747,1.234544092,0.655955444,1.21475389,3.10187353,1.401889115,0.361746477,0.587795449,0.559715678,-0.470105422,-0.356266265,-0.117662827,-0.238067117,-0.357044424,0.36627848,-0.112265187,-0.362469966,-0.622704225,0.243152748,-0.394911515,-0.227204042,-0.473148586,0.847461207,0.924300404,-0.144946501,0.120238436,-0.012891685,-0.263025534,-0.162651251,0.334387167,-0.008485923,-0.251533048,0.961307002,0.882065561,0.556995445,0.464048885,0.43036799,-0.04068521,1.925872314,-0.43170593,1.521024279,0.953576731,0.923224168,2.968244527,-0.473311611,3.92806281,1.489836029,-1.611361526,0.223917365,-0.44883222,-0.314300814,0.003460042,-0.341430595,0.359312162,-0.480580388,-0.098113661,-0.179891414,-1.030007303,0.270907757,-0.440355111,-0.128330276,0.418229494,0.81715635,1.240814154,-0.476382738,0.468124856,0.535395787,7.437202247,6.815337321,6.130840768,6.886650108,6.2401741,4.253838015,4.281501581,4.120329061,5.149275938,3.864471148,3.089370901,4.453408504,2.342248235,3.317210097,6.253195252,0.068574154,-0.090010979,-0.084864682,-0.171980336,0.00882051,-0.034965974,-0.041973667,-0.188717352,-0.133142827,-0.147332533,-0.143957098,0.05608829,0.201754635,-0.090851863,0.25867419,-2.4146632,9.460734248,7.567026253,4.385337115,8.457319522,-1.361274084,5.163204824,6.630403168,5.982592706,5.169886551,-1.641911102,1.573666842,0.512863286,0.420449481,2.303452865,1.202146231,3.723823091,2.919089771,0.867154344,2.793707942
DF3A,IV,0,0.225445367,0.156773874,1.370769906,1.869186373,-0.099061354,0.251406233,-0.003806387,2.966371219,0.356323461,2.44264135,-0.092155885,-0.138196546,0.005481094,0.19724951,-0.347703836,-0.06266173,0.095773521,0.828405967,0.795721054,-0.185275137,0.264019814,0.093760977,0.523999224,-0.001357405,2.662426507,1.789573115,0.611324542,0.029108709,0.351483182,-0.36494052,0.542363178,-0.158394616,0.69290922,0.498946577,-0.230341433,0.456300002,-0.256426254,0.521708193,0.01150826,2.564605934,0.924410359,0.157985174,0.023361451,0.311680944,-0.399413885,0.454920209,-0.178411089,-0.172741572,-0.311767314,-0.354916134,0.351674892,-0.397747076,-0.398239214,-0.308839238,-0.454037668,0.788849469,-0.179315129,-0.108685968,-0.312448491,-0.291471399,0.302167356,-0.379825196,-0.361060773,-0.349648056,-0.425648679,0.837956713,-0.189937599,-0.064302463,-0.359449685,-0.373485325,0.376428659,-0.397235022,-0.317142684,-0.365696468,-0.443898743,0.794068777,0.173861734,1.900844831,1.144597827,0.452218709,0.969289282,2.015474019,5.998406648,2.321311496,3.084187216,0.317277011,0.140595272,0.496318307,0.653575454,0.16410034,-0.225913579,-0.18089929,0.274150995,-0.181974692,-0.143072045,-0.254398651,-0.295364444,-0.234986147,-0.237499144,-0.205771651,0.124642837,-0.201510922,-0.015087238,-0.219633574,-0.198285073,-1.099855685,-0.147166295,0.10587698,-0.20808975,-0.373092198,-0.437594672,-0.189401608,0.503389018,-0.060218171,-0.210673851,0.624288494,-0.096008959,-0.178920437,-0.065615492,-0.071913284,0.074836936,-0.210497519,-0.163648529,-0.296420762,-0.211566089
DF4X ,ID/AE,110,-0.263666685,1.002878122,1.61259876,3.845810344,0.102842466,-0.621777412,0.192746925,-0.347877609,-0.491430662,-0.614711338,2.714717521,0.309419975,0.65314394,1.449243117,0.235827582,-0.610735234,-0.456316934,-0.491192521,-0.315147733,-0.337786827,-0.323185783,-0.413930399,1.767773769,-0.197019051,-0.156891045,2.213012311,-0.51685461,-0.483651634,-0.446071927,-0.703894624,-0.871036649,-0.440006069,0.004787765,-0.101819967,-0.23707156,0.351875339,0.915420502,0.317208902,-0.14466056,-0.233639346,2.597652967,-0.302490921,-0.218819202,-0.338659192,-0.668027363,-0.272663338,-0.147805892,-0.385930754,1.134134395,1.50764719,-0.193623761,0.65956384,-0.458759565,1.238864347,0.086987074,-0.08313592,-0.198070441,-0.451183047,-0.334219525,-0.54651642,-0.397737959,-0.434063271,-0.480173256,-0.475263751,-0.612383647,-1.04192168,-0.205723891,-0.440826784,-0.31014815,-0.306713179,-0.095085875,-0.281646187,-0.470694205,-0.300720114,-0.298808778,-0.026407864,-0.191627992,-0.332749595,-0.25061231,-0.233614447,-0.350019971,-0.331538576,-0.297787904,-0.27970896,-0.332430324,-0.700793373,-0.327411217,-0.354917517,-0.391759962,-0.448272182,-0.072819532,-0.176637203,-0.333513939,-0.247978373,-0.251335445,-0.461180273,-0.339314096,-0.295048235,-0.28103858,-0.341637995,-0.637634629,-0.332489116,-0.363002554,-0.373708147,-0.479308498,0.979131611,-0.11444893,-0.243461496,-0.15229347,-0.12034416,0.153662353,-0.214707807,-0.347452119,-0.249892765,-0.13288316,0.507270766,-0.109503567,-0.243080594,-0.211887687,-0.108481575,0.703005325,-0.205833103,-0.347124121,-0.232311997,-0.014405306
DF5T,Lo-ID,160710.7143,0.169772002,-0.344814574,-0.50749888,-0.606911011,-0.303908153,-0.720733646,-0.68759746,-0.806127449,-0.413865404,-0.58340915,-0.924016743,-0.502943742,-0.55289046,-1.12202613,-0.783661753,0.336689569,-0.169216845,-0.121510815,1.313129023,-0.093717525,1.011819645,0.535101868,-0.666632113,0.326800455,0.172739767,0.517921187,0.172957145,-0.066365455,0.52759512,0.906229623,0.837442262,0.145077641,0.178177696,2.240373682,0.105785444,0.070073049,-0.006481089,-0.720090991,0.142151517,0.079513256,2.234513965,0.758737915,0.276745616,1.526216411,2.424682742,0.70665945,-0.208608495,-0.450346657,-0.417292141,-0.438386288,-0.512135145,-0.430626704,-0.482095497,-0.613295822,-0.684562894,2.096136,0.193526956,-0.121780266,0.102982958,1.417030953,0.417256302,-0.01705923,-0.46406442,1.94485993,1.460982666,2.50863685,0.051728814,-0.141796761,0.124831781,0.839683561,0.047396439,-0.043534852,-0.468053342,1.172801068,1.346688242,-0.397807334,-0.19378218,-0.333671885,-0.257149203,-0.24874621,-0.403236814,-0.33481113,-0.297126012,-0.264943475,-0.290985319,-0.196057987,-0.295833672,-0.357247609,-0.25402805,-0.061337098,0.148838633,-0.18538183,-0.334628699,-0.245457414,-0.229002065,-0.335928605,-0.309490848,-0.295860392,-0.272569236,-0.316518978,-0.283015106,-0.277886278,-0.353489568,-0.306389791,-0.080873732,1.727441445,-0.090613582,-0.243137599,-0.082049631,0.007901954,0.091807679,-0.217461849,-0.347325854,-0.264016472,-0.113915184,2.856046088,-0.066597448,-0.242873479,0.118410379,0.114432145,0.190407701,-0.203751719,-0.347300414,-0.273708289,-0.110225885
DF7X,Lo-ID,860350,-0.125202051,-0.487747079,0.157921098,-0.467273492,-0.307184594,2.093568532,-0.038862377,0.413058922,0.168395418,0.444090562,0.049536589,-0.5007034,-0.237402795,-0.681487826,-0.604829061,-0.600628958,-0.464107125,-0.42496995,-0.403236725,-0.393987213,0.663849169,0.794754291,-0.560134453,-0.188334563,0.001617679,1.130990033,-0.126965959,-0.433536632,-0.52536698,-0.310547187,0.379939037,-0.185990014,2.511434388,0.381213674,0.346728472,0.871568356,0.435839418,-0.364980785,-0.084248892,0.200803977,0.468875679,0.013951438,1.426401589,0.210631297,0.48273439,-0.072652842,-0.198353499,0.412008863,-0.43243869,-0.443035939,-0.48942512,-0.49503728,1.179788477,-0.671799883,-0.537298515,-0.779137506,-0.190366744,0.991618002,-0.364046707,-0.160717159,-0.575106159,-0.456121199,1.258447536,-0.571083462,-0.269410105,-0.32200037,-0.1697948,3.522921617,-0.301157527,0.424944139,-0.528371046,-0.220576494,3.353725162,-0.402492929,0.244457625,-0.236629661,-0.161578667,-0.335484596,-0.242706098,-0.233619588,-0.201312189,-0.244870935,-0.29757856,-0.28136402,-0.307941987,-0.473292242,-0.228546052,-0.348902249,-0.353523463,-0.406392583,-0.444076845,-0.149677086,-0.334564912,-0.249497106,-0.237547305,-0.185470328,-0.283042856,-0.295497769,-0.274733649,-0.305911811,-0.371608514,-0.204664536,-0.340946573,-0.324681276,-0.358300054,-0.252510027,-0.149327514,-0.243060564,-0.188487,-0.252025841,-0.333162549,-0.226529409,-0.347671534,-0.301656299,-0.496372467,-0.526752609,-0.16169656,-0.242785439,-0.241231047,-0.264058177,-1.608785952,-0.252476251,-0.348337348,-0.471447119,-0.668847175
DF8J,Hi-ID,39765,2.40878439,0.919223792,-0.480586381,-0.129867626,0.239131803,-0.08676326,-0.386628476,-0.038520585,0.087544155,-0.499049712,1.096772238,1.217861678,-0.075768671,1.016093607,1.193066828,0.900911449,-0.315159079,-0.510636198,-0.519907334,-0.306888821,-0.593834362,-1.092110977,-0.402473502,-0.365224324,-0.876691775,0.627304076,0.389647541,-0.474661968,-0.340273914,-0.105104438,2.06926333,-0.601911204,-0.500285185,-0.696039255,-0.100890132,-1.010735915,-1.470151521,-0.721661777,-0.36631929,-1.283528113,1.214139277,0.235907194,-0.3182263,-0.031323534,0.403174259,1.603459181,0.565390482,-0.457111019,0.98321002,0.202392276,0.302167356,0.945376361,-0.482459669,0.338010141,0.354266441,1.926955697,0.108992852,-0.458351629,0.437193131,-0.089046993,1.094287913,0.153067513,-0.484164683,-0.32039629,-0.164066821,2.727994694,0.025564848,-0.458353721,-0.115021679,-0.344424333,3.47064958,0.011613225,-0.484051668,-0.340709351,0.117057105,-0.157376254,-0.217530047,-0.282605893,-0.236921215,-0.285851426,-0.444067672,-0.332764396,-0.299311293,-0.27619262,-0.342441348,-0.830989033,-0.208908922,-0.319136377,-0.314556214,-0.43253315,0.224519118,-0.206218637,-0.162194839,-0.203911,-0.226274562,-0.403219394,-0.327141672,-0.299654184,-0.280255347,-0.339994843,-0.242947876,-0.268814413,-0.22661768,-0.332285676,-0.434161203,0.531396514,-0.138207047,-0.225952442,-0.15111118,-0.170497064,2.001020608,-0.195398259,-0.27236896,0.090483282,-0.074283174,-1.159972412,-0.175149456,-0.11841743,-0.19644202,-0.262719094,1.143600154,-0.195625402,-0.143382978,0.340954581,0.264074523
DF9F,Hi-ID,42860,0.203704769,0.909515293,1.874510397,2.676703076,0.58766315,0.882448212,0.708385865,0.65214881,-0.067474368,1.426554594,-0.546366333,0.133348798,1.531824988,0.584370172,-0.483422428,-0.724954555,-0.459571407,-0.48144119,-0.383230207,-0.302905249,0.21108683,-0.692940299,-0.627104763,-0.317187314,-0.512339351,0.04866919,-0.562356265,-0.501740994,-0.587930112,-1.144372942,0.426059822,-0.257128254,-0.219794643,1.209833532,-0.181938112,-0.6202988,-0.77210848,-0.803551036,-0.416027928,-0.754443975,-0.17801101,-0.315360384,-0.267454039,0.139704548,-1.300192882,-0.085776396,-0.130856729,-0.415083018,0.43506736,0.416007218,-0.275858369,0.804016419,-0.471828091,2.307004969,1.658071242,0.626020187,-0.215038409,-0.461399835,-0.359182989,-0.447718055,-0.305663927,-0.442496777,-0.483507701,-0.299310507,-0.623000749,1.463427929,-0.1973496,-0.44885609,-0.238776087,-0.232096538,0.052002754,-0.302307851,-0.479521174,0.418845484,-0.434855828,-0.214520158,-0.201093826,-0.255862844,-0.231364311,-0.199222221,-0.440724107,-0.299688909,-0.296274507,-0.277679117,-0.335257588,-0.231367008,-0.270641887,-0.298456351,-0.289920822,-0.13241468,0.049156132,-0.125047766,-0.332078275,-0.191177963,-0.169094349,-0.299253429,-0.237280999,-0.29093932,-0.270596395,-0.28318197,0.806648976,-0.087376327,-0.34792889,0.018428375,0.110511052,-0.391754809,-0.159113609,-0.211913618,-0.152509069,-0.008049406,0.850939806,-0.212898032,0.312042992,-0.227756223,-0.208756746,-1.098879122,-0.143726005,-0.243215975,-0.217727721,-0.039726779,-0.496094945,-0.228097571,-0.322235386,-0.252713636,-0.415988967
DF9I,Lo-ID,700608.3277,-0.726284692,-0.403555147,-0.510187499,-0.243896259,-0.304321572,-0.936573571,-0.936902619,-0.31656752,-0.406303975,-0.83849238,-0.456245212,-0.430625127,-0.488707706,-0.358818766,-0.568034991,-0.629923448,-0.539046316,-0.514421188,-0.605828147,-0.280853636,-0.621159753,-0.902368087,-0.951773267,-0.496189374,-1.335215044,-0.636487455,-0.389459149,-0.500683598,-0.79980947,-0.668502951,-0.196297849,0.358237037,-0.144208586,-0.064743601,0.075432288,0.434292782,-0.084228585,0.787488647,0.076708704,-0.425656466,-0.366124091,0.25547454,-0.054153886,0.195569545,-0.239839657,-0.979975609,-0.197812143,-0.224478509,-0.340218606,-0.462195013,-0.660465801,-0.377379056,0.172915769,-0.391100675,-0.310945481,-0.858475357,-0.226327137,-0.457387163,-0.443356059,-0.514206348,-0.688824486,-0.555948085,-0.472850709,-0.682917834,-0.615007382,-0.129473852,0.181640958,4.464824625,3.081125243,1.340864604,-0.298892567,0.335022319,1.771750822,0.093781829,0.229816914,-0.540588987,-0.164811646,-0.334788818,-0.24974566,-0.246273029,-0.388140544,-0.305987197,-0.297539726,-0.276724813,-0.352176857,-0.096983099,-0.220188161,-0.360418356,-0.308559291,-0.280369132,-0.540588987,-0.209068708,-0.333925181,-0.257811737,-0.24724481,-0.321569521,-0.280038528,-0.294777892,-0.273645693,-0.333869022,-0.313454944,-0.261322409,-0.359260829,-0.2682431,-0.250793566,1.021788185,-0.075751218,-0.242312118,-0.022129552,0.081549676,-0.346962414,-0.231399142,-0.348101853,-0.343469287,-0.45227399,1.14900403,-0.095326861,-0.242169333,-0.067768162,0.015064027,-0.796296797,-0.24616628,-0.349031974,-0.427961544,-0.521281544
DFB3,AE,71910,-0.365936585,-0.625973866,-0.499454838,-0.606516509,-0.410005096,-0.547537453,0.104603144,-0.721811967,-0.390616431,-0.453956457,-1.124384557,-0.525537105,-0.470496736,-0.632449686,-0.730232396,-0.757890646,-0.591074219,-0.496077187,-0.603486448,-0.232348481,-0.89663938,0.023950191,-0.400499026,-0.237869018,-0.389987119,-0.210742849,-0.257163419,-0.420674169,-0.316059922,-0.691386573,-0.555974916,-0.365288676,-0.505133376,-0.515319045,-0.406610384,0.033932001,1.52585295,0.048674217,0.009885399,0.170099976,0.106234888,0.359257391,-0.49601859,0.217847803,-0.419465817,-0.26867906,-0.245496489,-0.458740265,-0.229386781,-0.609542605,0.288577054,-0.526246729,-0.483674859,-0.429907076,-0.561539969,0.291240127,-0.181533532,-0.458546551,-0.177371232,-0.485202903,0.714036763,-0.362371208,-0.483821687,-0.330073173,-0.551072714,0.145174253,-0.181750847,-0.458024121,-0.25610225,-0.411964934,-0.382340182,-0.383765163,-0.484401782,-0.410589622,-0.46094787,-0.013185936,-0.180683368,-0.331994571,-0.238606726,-0.231645447,-0.344120812,-0.354249042,-0.294062648,-0.281153178,-0.315867651,0.100672523,-0.320697552,-0.342879231,-0.279993786,-0.244516302,0.255454358,-0.179508752,-0.320182555,-0.236562734,-0.210970949,-0.360089828,-0.349212658,-0.297363337,-0.276633206,-0.306316665,-0.001310274,-0.198045203,-0.330124018,-0.265430201,-0.227198113,-0.288862384,-0.120739084,-0.243632779,-0.225087275,-0.29624013,-0.920290432,-0.230816179,-0.34426484,-0.352152627,-0.471509804,-0.502308806,-0.130753753,-0.244021754,-0.282026674,-0.299119166,-0.587989057,-0.222433698,-0.269909646,-0.253558865,-0.377705378
DFG1,IV,1549460,-0.198841546,0.207989124,-0.156527817,0.149111835,0.823170334,-0.131073231,-0.403810317,0.07141155,-0.235465708,0.031067947,1.223284766,0.444151948,0.43933245,0.647420756,0.002268427,-0.43720096,-0.286277129,-0.303361119,-0.420695581,0.117538888,-0.70831595,-0.449844972,-0.714605795,-0.451082158,-0.668995083,0.413909454,-0.053699124,0.007540442,0.007578417,-0.755427435,-0.516654096,-0.208331616,-0.33042493,-0.342627189,0.084827496,-0.543841312,-1.14990053,-0.720322215,-0.508597422,-0.793954789,0.263008972,-0.64803296,-0.148541331,-0.382279007,-1.010964078,0.782381687,0.329187805,-0.449635605,0.727271642,0.535195079,-0.471975602,0.372331331,-0.477672942,-0.210272293,-0.353011665,0.16363041,0.329706125,-0.446649663,1.07103975,0.972303488,-0.153772147,0.191584767,-0.47948893,-0.238641852,-0.015286703,0.284362365,0.450474837,-0.448387049,0.793700262,1.278562292,0.042045365,0.338250379,-0.478847406,-0.089029759,0.057384724,0.591048483,0.374622936,3.641443321,0.767585406,1.591227526,0.515742712,0.365313605,0.081865557,-0.074762546,0.139466272,0.858086694,0.840204601,2.153818278,0.953372087,0.888860498,0.068270212,-0.175715464,-0.30374403,-0.228633403,-0.184976516,-0.278843215,-0.308461844,-0.294199753,-0.272106133,-0.320215925,0.23917174,-0.276546841,-0.273076779,-0.238627538,-0.21430812,-1.658485348,0.281120805,2.654085263,1.128907017,1.192023898,1.594654633,3.62143208,0.301715064,4.934135643,5.762664434,-0.333615816,-0.117882008,-0.225991794,-0.253402324,-0.208895849,1.807185612,-0.133433746,-0.234426302,-0.160916601,0.176711675
DFH1,AE,22125,0.218796744,-0.223468673,-0.458071592,-0.38232221,-0.238049858,-0.445093424,-0.090241562,-0.714307288,-0.390950627,-0.581495334,-0.137488041,-0.345835498,-0.478701605,-0.241963556,1.524923463,-0.327868008,-0.556173961,-0.512917254,-0.573247589,-0.301461344,-0.997875021,-0.435536664,-0.650591728,-0.324295742,-0.743111344,-0.653030234,-0.695746328,-0.534756573,-0.250988482,-1.770772905,0.546795595,-0.504098351,-0.468510183,-0.486977603,-0.311689003,-1.158451296,-0.605775603,-0.692877356,-0.29336731,-0.616444231,-0.137488041,-0.183936456,-0.527586752,0.24538245,-1.282854187,1.583781391,-0.202810753,-0.290726182,-0.37749451,-0.322743394,0.269162333,-0.338530947,0.787256917,-0.278110258,0.103864829,3.109469468,-0.19969723,-0.406964127,-0.37516761,-0.356109428,0.194901031,-0.467170866,-0.073460299,-0.580140817,-0.468820874,1.100646834,-0.20322589,-0.173703191,-0.366635645,-0.377342358,-0.159902967,-0.508335641,0.376141156,-0.54460781,-0.458812774,-0.483705004,-0.164205367,-0.335480544,-0.237844827,-0.23649848,-0.141309844,-0.237904269,-0.288573189,-0.27081773,-0.331331213,0.065370786,-0.150163506,-0.346220865,-0.269705071,-0.249660823,-0.542462952,-0.176397876,-0.333680853,-0.261949749,-0.262119431,-0.36688257,-0.397346338,-0.293831452,-0.277944719,-0.361965549,-0.297374178,-0.28104274,-0.355711777,-0.335465257,-0.411891502,0.998194584,-0.143926966,-0.242531954,-0.12994234,-0.113024523,0.477453482,-0.200123182,-0.347768246,-0.282305267,-0.156926635,1.040957984,-0.119241754,-0.242907853,-0.120508928,-0.10918967,1.343606794,-0.19934823,-0.34686504,-0.200699772,-0.049208227
DFI0,AE,61548.71795,-0.087693987,-0.488121082,-0.434394679,-0.342861846,-0.346395977,1.175873637,2.283324385,-0.106962681,0.131411301,-0.388297149,-1.141281024,-1.162377085,-0.479637352,-0.745393588,-0.680381641,0.261812985,-0.545220432,-0.502122199,-0.388351217,-0.147029281,-0.531293971,0.4912579,-0.712079715,0.169403913,-0.832219249,-0.020627771,-1.325547937,-0.511086585,-0.119099463,-0.30736214,0.163951035,-0.289571067,1.142802009,1.221385578,-0.09617043,-1.235325141,-0.616662702,-0.465213217,-0.17314195,-1.207742069,0.076218806,-1.136269747,0.318714521,0.718520897,-0.265915529,-0.039578319,-0.215011065,-0.436223606,-0.426216581,-0.526692443,0.191033256,-0.515193019,0.646913373,-0.431581071,-0.404485978,0.248212973,-0.210499393,-0.454439834,-0.413033013,-0.511858175,0.107360363,-0.556244358,0.105501168,-0.565855393,-0.523650602,-0.471265256,-0.209597059,0.031186716,-0.366066554,-0.364998918,0.936482645,-0.383661179,2.692795909,0.264367537,0.061987503,-0.179015724,-0.179019515,-0.334340025,-0.252602396,-0.253928762,-0.319512297,-0.288216452,-0.287713394,-0.266711966,-0.291064732,-0.392244329,-0.324474721,-0.336454484,-0.330595918,-0.366800944,-0.546474207,-0.200420029,-0.335528711,-0.259232467,-0.254846027,-0.411997116,-0.298666092,-0.287030986,-0.270043058,-0.2880066,-0.601875635,-0.391553106,-0.31442432,-0.347035965,-0.404955648,1.023366581,-0.109302759,-0.242331319,-0.124134397,0.077446923,-0.013086683,-0.232018165,-0.347429399,-0.333542461,-0.301735617,0.419729014,-0.132718841,-0.242657218,-0.157864539,-0.068814494,-0.504487685,-0.233159296,-0.347657472,-0.37309629,-0.467174305
DFJ3,AE,74120,-0.610735234,-0.384396774,-0.338407386,-0.129141876,-0.302905249,-0.984878471,-1.307344791,-1.008611411,-0.474828814,-1.109666652,-1.045498695,-0.330239145,-0.40978588,0.42522834,-0.712833602,-1.342058254,-0.550536691,-0.512123047,-0.633345892,-0.363388817,-1.495790036,-1.727768621,-1.259478826,-0.660374496,-1.564521403,0.021611867,-0.512957088,-0.529278354,-0.821572646,-0.723585827,-0.449596266,-0.286223187,-0.388730908,-0.303538802,-0.275791925,-0.381370993,-0.939713036,-0.966987553,-0.531771068,-1.196673192,-0.787326787,0.056692966,-0.391742856,-0.384590951,0.002189364,-0.260817873,-0.204035444,0.655773434,-0.340070207,-0.431055234,0.051169478,-0.414945913,1.707786714,-0.193904965,0.01919039,-1.111600878,-0.206687406,-0.455232533,-0.491041673,-0.559129827,-0.734030668,-0.516921693,-0.321839858,-0.640759447,-0.556990205,-1.295292665,-0.193206598,0.58048815,-0.429406533,-0.428387013,-0.388542603,-0.415945676,1.254081585,-0.48906411,-0.290975792,-0.045394456,-0.206234209,-0.333852929,-0.23855732,-0.223353237,-0.173474844,-0.356699457,-0.283223578,-0.276376007,-0.29364022,-0.41268325,-0.161809846,-0.353333965,-0.265505303,-0.351769636,0.34878828,-0.131410966,-0.332817318,-0.213172573,-0.155067898,-0.32260348,-0.34461422,-0.296608612,-0.283068625,-0.317818186,0.300243218,-0.090768077,-0.348694826,-0.072633249,-0.057061839,-0.455985774,-0.131931897,-0.242778168,-0.206099003,-0.282429335,-0.783394707,-0.24038756,-0.347528589,-0.290779596,-0.449019928,-0.55771352,-0.152005627,-0.242375902,-0.179213778,-0.163531038,-0.249195219,-0.219368923,-0.343165792,-0.18339274,-0.335103023
DFL6,ID/AE,3057750,-0.574748867,-0.397123224,-0.502703514,-0.595014369,-0.336218664,-0.082316591,-0.303631166,-0.599798858,-0.315794677,-0.212302514,0.278788899,0.094185488,-0.514400598,-0.451516812,-0.414996968,1.007052045,-0.034531063,-0.513989165,-0.520394902,-0.319988177,-0.787961877,-1.00499005,-0.988518214,-0.410593394,-0.883538703,-1.071465114,-0.376775576,-0.576960533,-0.817809089,-0.894008594,-0.079576405,-0.490897058,-0.510419214,-0.608092007,-0.403169422,0.205526875,-0.573355835,-0.742848935,-0.252636454,-0.378666656,-0.058774603,-0.779645883,-0.553752815,-0.842558567,-0.456393035,-1.272476209,-0.196142044,-0.307463947,-0.369494665,-0.460982129,6.378994524,-0.31841814,-0.131595522,-0.574014595,-0.12345992,-1.51997672,-0.213522069,-0.459738458,-0.441872067,-0.596468446,7.092335739,-0.485505203,-0.478628119,-0.616674149,-0.385283779,-0.965575579,-0.222689555,-0.458918998,-0.41887364,-0.594317869,2.076420676,-0.518040308,-0.478439201,-0.651056475,-0.579445292,-0.30325199,-0.115544071,-0.333736345,-0.232723425,-0.204599669,-0.423708053,-0.40172521,-0.302201753,-0.278874326,-0.356020178,-0.464010001,-0.286312643,-0.347267399,-0.304079714,-0.269806429,-0.30325199,-0.146825567,-0.330985502,-0.241070738,-0.212078512,-0.542424707,-0.410040924,-0.307642583,-0.287612633,-0.382982406,-0.418684314,-0.206141252,-0.349230111,-0.312871183,-0.303607076,-0.198115267,-0.166287573,-0.242690479,-0.217444162,-0.350977956,0.709815681,-0.201108475,-0.348083256,-0.278752698,-0.301992909,0.552116054,-0.121651879,-0.243300227,-0.171507546,-0.329047892,0.236351259,-0.215788355,-0.348280967,-0.326273698,-0.390811481
DFTA,IV,0,-0.575642031,1.957709387,-0.44545368,-0.086717331,0.223743949,0.347455829,1.472447026,5.031907721,2.517896201,1.904509186,0.902824805,0.803803132,0.640681831,0.383973921,0.879678272,-0.38182453,-0.193085194,-0.497012637,-0.506451831,-0.153506664,-0.894102475,-0.974069596,1.724053831,0.72867424,-0.419774663,0.093366691,-0.551876108,-0.050362386,0.252366956,-0.191095979,0.005810476,-0.425725222,-0.50427184,-0.556214169,-0.336175383,-1.458057284,-1.275517956,0.948849811,0.264564642,-0.734860097,-0.729147197,-0.989715097,0.110742082,-0.159326625,-0.613662064,-0.881552327,0.264762321,-0.253341824,-0.308658638,0.386540249,-0.703463159,4.03666569,0.074646836,0.353661134,1.228770325,-0.151743128,-0.199609625,0.064910266,-0.417436468,-0.434934686,-0.621183031,-0.551424932,-0.204641579,-0.560629849,-0.493494982,-0.310397303,-0.184835187,-0.229696857,-0.480496079,-0.439748016,-0.185098351,-0.603230715,-0.289006143,-0.548608492,-0.522052953,3.670827523,6.598231389,1.102340301,4.325366906,5.997684176,3.491001331,5.287713927,3.8059152,3.978460278,5.671555345,6.091433392,7.676391777,5.782555825,6.320825363,5.514295831,0.361948592,-0.103976023,-0.160595202,-0.001512136,-0.108295185,0.70257459,0.541084884,0.61117584,0.460520616,1.086988946,1.146239006,0.182091053,4.461637469,0.576665224,0.522730896,-1.835256295,1.073046506,-0.15513946,-0.187730759,0.335246961,-1.909436274,6.086833956,0.097235952,1.528394278,3.318246087,-0.573448841,-0.14418887,-0.215973336,-0.13498737,-0.252217599,-1.113403568,-0.219773634,-0.313805435,-0.294055865,-0.39088176
DFVJ,Lo-ID,19330,-0.791439719,-0.53285253,-0.507889727,-0.444264363,-0.375941642,0.554245726,1.025997224,-0.616927492,-0.377082128,-0.356219051,0.616706243,0.030533443,-0.516571511,-0.61800722,0.667169171,-0.056722293,-0.580530442,-0.518021633,-0.709457443,-0.414214116,-0.063065453,0.707439186,-0.783671077,-0.329204433,-0.48332086,-0.883045234,0.045771496,-0.59362341,-1.00804562,-0.721649603,-0.450320913,-0.300736377,-0.480177759,-0.546715023,-0.400296853,1.024578053,1.564460266,-0.409902363,-0.217041834,0.807550145,0.096384303,-0.065974221,-0.550725721,-0.804832336,-0.638041785,0.152460603,-0.201270974,-0.457902502,-0.423693163,-0.491090199,0.040283749,-0.463742463,-0.481432035,-0.576690706,-0.440328547,-0.424657756,-0.217080468,-0.462068358,-0.49014019,-0.57028684,0.612855265,-0.494459731,-0.488005281,-0.705533748,-0.549185362,-0.553863358,-0.209570959,-0.410696805,-0.358499854,-0.37795214,0.380507404,-0.248721586,-0.464471931,-0.520833895,-0.371200497,0.103755767,-0.174356689,-0.335025947,-0.220861757,-0.225527859,-0.400611364,-0.305180882,-0.298987425,-0.281623065,-0.310590986,-0.303248106,-0.131738044,-0.350747246,-0.327950508,-0.228673367,0.039834243,-0.143226879,-0.333980934,-0.246060432,-0.218488949,-0.411858495,-0.326939158,-0.29728075,-0.28335124,-0.325211146,-0.744791599,-0.282186174,-0.361725029,-0.349511224,-0.249519335,-0.313421423,-0.122451029,-0.242287226,-0.194745025,-0.071111733,-0.150355003,-0.210303231,-0.346825236,-0.357126122,-0.228110927,0.290910656,-0.113997698,-0.242745655,-0.127882892,-0.01037674,0.1444144,-0.200577194,-0.347792331,-0.321213828,-0.202677686
DFW0,AE,54215,-0.423999768,-0.574605834,-0.511437445,-0.652446265,-0.264020615,-0.565764813,-0.891142905,-0.658173322,-0.420792743,-0.558034125,-1.247849651,-0.628736407,-0.541505067,-0.965328512,-0.645043765,-0.371194999,-0.358926015,-0.37309325,0.169947128,-0.269868051,-0.024141008,0.514156952,-0.27756013,-0.197043443,-0.102878603,-1.247849651,0.268553315,-0.418672775,-0.218658683,-0.228876487,2.414256545,1.350696021,1.097760948,6.45422064,0.314875598,2.081668067,1.088484831,1.361873169,0.527743959,1.674006258,0.576006975,0.540634714,1.046094075,2.134333737,1.664986203,-1.069413293,-0.191748588,-0.459255017,-0.439006427,-0.567468749,-0.15298256,-0.508520314,-0.483163021,-0.620093516,-0.543750006,-1.20441357,-0.17746301,0.810894732,-0.224083429,0.004700391,0.679329598,-0.321780925,3.002590447,-0.08019607,0.369850357,-1.111600878,-0.10845268,3.866467498,1.473091842,1.40363384,0.208209508,0.077822017,5.646099101,1.32501646,1.363553122,-0.138365204,-0.181498865,-0.334316949,-0.247804692,-0.244374903,-0.280521498,-0.322441695,-0.295610387,-0.279996378,-0.304360549,-0.395703394,-0.207877055,-0.357166925,-0.318298133,-0.368490646,0.080000253,-0.165319846,-0.334068985,-0.222765786,-0.197487137,-0.217154051,-0.313556295,-0.283118977,-0.264504556,-0.319782943,0.350500555,-0.213799575,-0.337893767,-0.254315249,-0.159478024,0.233674519,-0.139093772,-0.242954718,-0.204683991,-0.192448591,-0.341773582,-0.223234562,-0.347747564,-0.323202023,-0.35491944,0.333770707,-0.115098447,-0.242857393,-0.198378368,-0.136481041,-0.480572288,-0.225795169,-0.345252403,-0.353848704,-0.401780904
DFWG,ID/AE,1123267.563,0.776557164,1.252645057,-0.448614801,-0.114019648,1.413727141,0.868388492,1.219635863,0.103690689,-0.333907764,-0.078943432,-0.546366333,0.840066377,0.014499702,0.559852022,0.411009045,1.52592088,1.007791156,-0.489353269,-0.06511969,0.525121295,0.092308957,0.307105761,0.153301069,-0.433628792,-0.101447836,0.005509393,1.014497972,-0.176744791,-0.221462077,0.261977613,3.594586898,1.565875713,-0.463044315,-0.007447121,1.83117659,1.747853889,0.975974924,0.750677175,-0.281064979,0.731215093,0.507214603,1.302074387,-0.049165457,1.200414684,0.860969329,-0.500782309,0.053989145,-0.459376949,0.075029101,-0.163804002,0.500852356,0.56729494,-0.483247306,-0.054606946,0.02666759,-0.905350451,-0.096372107,-0.458859568,-0.168114072,-0.251650831,-0.0864275,0.033850191,-0.482780753,-0.439442822,-0.095298892,-1.928669871,-0.068166216,-0.458635826,-0.175345579,-0.343863804,-0.441886359,-0.096710703,-0.482226689,-0.403478055,-0.159337939,0.361948592,-0.124944825,0.060068394,-0.058637553,-0.12799867,-0.312605717,-0.294550186,-0.289588205,-0.274030583,-0.31094187,0.221756331,-0.132156802,-0.096685162,-0.080529875,-0.166903473,-0.020640533,-0.140054076,0.050748815,0.019170058,-0.070931963,-0.260578255,-0.228974611,-0.278572931,-0.268849372,-0.290356685,0.583180707,-0.164796072,-0.027767736,-0.027469408,-0.015528832,-0.776195761,-0.152904162,0.179849781,0.071243317,0.119894518,-0.792663181,-0.193359663,-0.156876811,0.833369265,0.3703891,-1.228518766,-0.15334346,0.504819756,0.200523944,-0.099492183,-1.086780435,-0.231899346,-0.210774637,0.33997303,-0.196868503
DFX2,Lo-ID,169720,0.069706356,-0.44310785,-0.516053134,-0.628815034,-0.271637601,0.241877555,0.844946316,-0.326435971,-0.425003134,-0.130061957,0.035678382,-0.603256656,-0.522772793,-0.822044295,-0.669108787,0.60643175,-0.517224626,-0.514730684,-0.599132937,-0.303922634,1.181580419,1.0553807,0.078108884,-0.12801797,0.160304598,0.682394729,-0.603256656,-0.532435533,-0.780539287,-0.64474068,0.516977518,-0.440143178,-0.511746695,-0.467906823,-0.287780118,0.18129701,-0.190008237,-0.081834061,0.10790739,-0.318842546,0.165021646,-0.462163581,-0.538647296,-0.4225586,-0.70566095,0.446735667,-0.190444571,-0.459629728,-0.4337721,-0.468675183,-0.410248659,-0.505915577,-0.471368016,-0.652802714,-0.630593212,0.504027452,-0.192554441,-0.459360773,-0.452917477,-0.413384811,-0.142622852,-0.510421649,-0.469293489,-0.585062017,-0.468651545,0.92798666,-0.189975711,-0.455708185,-0.401372231,-0.428328155,0.102063604,-0.480381165,-0.140473244,-0.417669718,-0.461522037,-0.517819935,-0.195871336,-0.335524418,-0.264724133,-0.26516269,-0.238682071,-0.249023478,-0.297900275,-0.27911957,-0.357467762,-0.417896444,-0.288782909,-0.355398565,-0.350608148,-0.264489037,-0.239254819,-0.163785787,-0.335276804,-0.255707965,-0.2854456,-0.283420661,-0.327208333,-0.298087378,-0.279217336,-0.338887383,-0.354078988,-0.349472877,-0.357128178,-0.341302461,-0.287239046,1.739023537,-0.136818192,-0.243404212,-0.107818107,-0.256537383,-0.241002464,-0.227582584,-0.347605221,-0.377629556,-0.300625367,0.987840976,-0.118318872,-0.24338194,-0.069217416,-0.045590681,1.071073684,-0.203368781,-0.347154264,-0.273347969,-0.072280145
DFX6,AE,697081.9131,-0.37317716,-0.528983071,-0.513559309,-0.655989364,-0.37754477,0.090643895,0.008726915,-0.147957249,-0.354436525,-0.630313274,-0.528540176,-0.483359368,-0.570196464,-0.847073839,-0.759584576,-0.514029519,-0.503938282,-0.514057542,-0.638619993,-0.385084756,0.541892914,0.439440853,-0.08318615,-0.278822377,-0.553494563,-0.029407815,-0.16962353,-0.568998265,-0.600979514,-0.483930954,-0.680491399,-0.470054158,-0.510569909,-0.602545145,-0.298374921,0.973233887,-0.03124531,-0.103961223,-0.304739697,-0.620640404,0.362767609,0.138192764,-0.424615218,-0.051999868,0.35428108,0.035468795,-0.208850437,-0.460874126,-0.395089993,-0.503476646,-0.348788139,-0.488079265,-0.489244129,-0.664206921,-0.585310559,-0.497609229,-0.206099515,-0.46106885,-0.446618074,-0.493842743,-0.120704306,-0.462458094,-0.485786897,-0.636237942,-0.589518451,0.559027566,-0.192133297,-0.44751873,-0.427634045,-0.464941034,-0.120704306,-0.486371187,-0.407283279,-0.637428112,-0.54217967,-0.075833278,-0.18475335,-0.334241759,-0.22523128,-0.215254854,-0.288960279,-0.296611066,-0.294355706,-0.275101406,-0.294456193,-0.083358162,-0.138877781,-0.34320152,-0.298968819,-0.208060197,0.0383123,-0.159614157,-0.335566687,-0.218874117,-0.231517728,-0.206651159,-0.256240692,-0.285924269,-0.26780769,-0.271263132,-0.36874212,-0.223270501,-0.347184167,-0.310042425,-0.376055417,0.170219389,-0.125683576,-0.242795759,-0.203650866,-0.132658108,-0.187486363,-0.221025276,-0.346276095,-0.338280847,-0.230137848,-0.138910569,-0.134983891,-0.243782252,-0.211399301,-0.082099085,-0.346506698,-0.22345403,-0.346892213,-0.356966037,-0.294768894
DFXH,ID/AE,86330,-0.789388516,-0.541825406,-0.51262019,-0.604002714,-0.360055933,-0.510518546,-0.604478717,-0.825611052,-0.487589548,-0.678139004,-1.405361944,-0.62731342,-0.526007621,-0.912381662,-0.796432153,-0.449779089,-0.534563459,-0.511622249,-0.625258938,-0.354513201,0.244644216,0.098785434,-0.59877159,-0.188167255,1.265949153,-1.193916871,-0.191879693,-0.535488537,-0.897427064,-0.199600951,-0.286263435,-0.424181869,-0.512915876,-0.617363769,-0.378531704,0.822828659,-0.250417572,-0.366435015,-0.146110784,0.801689295,-0.625658234,-0.398600756,-0.517203915,-0.549732661,-0.647224351,-0.719963512,-0.22037758,-0.458656035,-0.467106709,-0.53120128,-0.225174096,-0.50634369,-0.451416806,-0.655262619,-0.601978182,-0.719963512,-0.205965508,-0.459310399,-0.435231372,-0.573986433,-0.246972191,-0.454026808,-0.481608025,-0.649211464,-0.544748123,-0.998938073,-0.203123691,-0.459114842,-0.456481597,-0.488416127,-0.007193158,-0.451487154,-0.485346429,-0.630127054,-0.540868119,-0.478852358,-0.227970434,-0.336273882,-0.227464294,-0.268329108,-0.367251689,-0.303999633,-0.296555798,-0.283342437,-0.333502866,-0.375633494,-0.250679022,-0.349906571,-0.289561232,-0.269692852,-0.017090898,-0.164695937,-0.336034027,-0.231825604,-0.196884029,-0.342848822,-0.321275818,-0.298953998,-0.283977554,-0.350427441,-0.349365199,-0.240009933,-0.359459353,-0.293831374,-0.227328465,-0.543457113,-0.140305346,-0.242244633,-0.19243028,-0.140291268,-0.580012906,-0.229926893,-0.347372234,-0.413079454,-0.335080641,-0.334315419,-0.111299444,-0.242010423,-0.166561335,-0.023558854,0.595914745,-0.224518705,-0.347434833,-0.346993554,-0.235141751
DFXL,Lo-ID,37530,0.356782468,0.000373642,1.112115027,-0.183732359,-0.129590314,-0.866396201,-0.8660409,0.382714018,0.40091839,-0.424286065,-0.212584406,-2.177075199,-0.10218264,-1.009423232,-0.436542832,0.327375674,-0.598736967,-0.489734707,-0.530581427,-0.154901597,-0.056439434,-0.206808986,-0.319685324,0.49197225,1.309905303,-0.306043345,-2.188382909,-0.501246924,-1.082730777,-0.792800401,0.180341704,-0.237968187,0.962835174,0.083146146,0.072899951,-0.055412872,0.081673273,0.230948974,0.392172427,1.294974099,1.269407358,-1.709689819,-0.130641033,-0.608522594,-0.27743751,-0.652187356,-0.21106301,-0.410573204,-0.416086388,-0.299441815,-0.309594686,0.110260967,-0.454395087,-0.4795285,-0.133662655,-1.217619383,-0.223418682,-0.451168411,-0.475393449,-0.479882691,-0.612035813,-0.470983886,-0.473537632,-0.55304943,-0.592302093,-1.507775293,-0.20597538,-0.404472005,-0.329446507,-0.125725442,-0.675707628,1.077564553,-0.442658112,0.222596378,0.064712716,-0.094946026,-0.193552068,-0.33581785,-0.243237288,-0.293101404,-0.278006916,-0.354667846,-0.297498623,-0.281691776,-0.315431547,-0.305672266,-0.123392237,-0.354914764,-0.291039451,-0.293295867,0.033534113,-0.196694467,-0.333665366,-0.244290862,-0.270979113,-0.208981662,-0.392988392,-0.296118758,-0.273444881,-0.304099029,-0.07451126,-0.048314378,-0.347516439,-0.219318001,0.684380025,0.864457736,-0.113965798,-0.243434008,-0.167076457,-0.147167086,-0.932281771,-0.224878588,-0.348098039,-0.388327649,-0.536032427,1.583470463,-0.080248171,-0.243318563,-0.075441198,0.028493923,-0.341708411,-0.217537211,-0.347965231,-0.365534412,-0.468702728
DFZ4,Lo-ID,116495,0.704042103,0.05732037,-0.412227142,-0.223761229,0.063096232,-0.140507114,-0.665734518,-0.893207196,-0.395013425,-0.448106184,1.016028331,-0.063577225,-0.288851682,0.1993028,-0.352831769,-0.424659829,0.023810794,-0.427187602,-0.33784714,0.052285725,0.565266236,0.068037743,-0.784734342,-0.148626505,-0.275173323,-0.24345308,-0.562495025,-0.254728542,-0.257554234,-0.376837974,0.114608874,-0.18072818,-0.426793799,-0.161051754,-0.019333874,2.6846047,0.377032749,-0.65351811,-0.032490763,0.730648201,2.817565029,0.286726763,-0.254149291,0.681825961,0.1958815,-1.03425697,-0.164344098,-0.455127927,-0.26805127,-0.064086595,-0.371084854,-0.317029523,-0.479712158,-0.474680499,-0.43023293,-1.177895658,-0.041648569,-0.45314329,-0.176438304,-0.141683304,0.147864684,-0.344063011,-0.479062931,-0.437293099,-0.355975588,-1.089502618,-0.056335316,-0.451922098,0.217532281,0.115937771,-0.33401703,-0.468499599,-0.478276015,-0.251494801,-0.446330675,-0.289395977,-0.193976174,-0.313852687,-0.245398621,-0.210024683,-0.353373411,-0.259192214,-0.294269442,-0.273846787,-0.294273335,-0.237033668,-0.14772064,-0.324798034,-0.279170553,-0.432940163,0.267339883,-0.201424605,-0.311866784,-0.227180809,-0.210024683,-0.299387178,-0.24190572,-0.293060405,-0.274257625,-0.361049946,-0.069746098,-0.124486854,-0.31460259,-0.191988488,-0.314743525,1.107847897,-0.124515678,-0.242339294,-0.125893559,-0.144044224,-0.554791173,-0.239731456,-0.329221423,-0.357710622,-0.374070449,0.707463143,-0.141144786,-0.241359118,-0.217628133,-0.150094769,-1.443574385,-0.250202866,-0.316479246,-0.436118677,-0.515441062
DG02,Hi-ID,60880,-0.405498469,-0.418937978,-0.283997705,0.025529519,-0.26438608,-0.626633726,-0.84067364,0.508565052,-0.084309706,-0.060804398,3.224437386,4.870040414,-0.298064407,0.509599999,0.543437677,0.054187655,-0.340233764,-0.509431556,-0.214781813,-0.245348687,-0.504001044,-0.099700396,-0.404566197,-0.317830038,-0.034184029,1.914450381,0.592428494,-0.403124163,-0.074085257,-0.030039259,0.371212566,-0.447695288,-0.501824199,0.009841539,-0.313037194,0.950787245,0.427273964,-0.104103878,-0.162438408,0.209202209,2.771451229,1.749629028,-0.357992859,0.509599999,0.454886092,-0.904986054,-0.192847478,-0.228385851,-0.165552733,-0.388002783,-0.554120732,-0.319155462,0.261032814,0.230628076,-0.228295884,-0.340894784,-0.188938809,-0.112088797,-0.32723804,-0.454273265,1.062324309,-0.382506287,-0.094874838,-0.060181181,-0.181711636,-0.655736424,-0.18503014,0.381862414,0.085102267,-0.408620267,-0.327251252,-0.376747121,0.375682067,0.401888594,-0.175189841,0.3292302,-0.155782248,-0.33177397,-0.233636482,-0.201305417,-0.435579719,-0.310922649,-0.294687399,-0.272357367,-0.328279618,-0.043108255,-0.190866395,-0.34547593,-0.209636894,-0.21356004,-0.14302584,-0.136259119,-0.33478947,-0.228105921,-0.192491066,-0.221002779,-0.315722953,-0.293945069,-0.274648618,-0.330255982,0.065929955,-0.002772101,-0.345142544,-0.177281483,-0.100393047,-0.403921546,-0.144004276,-0.243867143,-0.194284954,-0.156145316,-0.032360979,-0.212246831,-0.340242305,-0.358320902,-0.287874217,-0.798987177,-0.176680644,-0.243856603,-0.232761391,-0.289257325,1.584434398,-0.208945759,-0.346828639,-0.280373349,-0.178190687
DG05,ID/AE,310350,-0.324990828,-0.114224893,-0.221726438,0.911564969,-0.198427149,-0.813867356,-1.34663889,-0.998452968,-0.526035864,-0.692466484,-0.995271539,-0.487813794,-0.312197557,-0.246214592,-0.453049148,-0.624217848,-0.077060812,-0.033662256,1.317121865,-0.047815399,-1.412581118,-1.347400349,-0.967556966,-0.592632279,-0.846664159,-1.158509797,-0.424955561,-0.391919537,-0.34396568,-0.345146912,-0.374861997,0.887923763,0.821771045,3.396651335,0.637361997,-1.38926672,-1.342355693,-1.017974387,-0.638913656,-0.975496603,-1.260533704,-0.24895251,0.811563473,1.283589932,0.194364277,-0.6170515,-0.202626248,-0.303905924,-0.015167254,-0.027839638,-0.32483432,-0.250472443,-0.46468868,0.678846261,-0.180783383,-0.549305011,-0.191063929,-0.136471676,-0.154205901,0.121414342,0.405401817,-0.163488924,-0.455342797,1.001940343,0.41261071,-0.047980986,-0.154654925,0.263201234,1.189834353,0.929638725,-0.034399493,0.39795015,-0.446734257,3.103201679,0.580147568,-0.185870963,-0.170400486,-0.333865276,-0.230804083,-0.216414373,-0.271835032,-0.342644471,-0.293068956,-0.275558972,-0.362013392,0.237887787,-0.156055003,-0.352260305,-0.155741364,-0.261471023,-0.12364647,-0.191143885,-0.334564912,-0.256294453,-0.25201408,-0.331398246,-0.294508708,-0.295182946,-0.275462496,-0.357120381,-0.11421176,-0.293753597,-0.351543501,-0.310693526,-0.370425948,-0.204254641,-0.144909646,-0.242449819,-0.189258042,-0.10454698,-0.886755545,-0.234861771,-0.348055341,-0.383020315,-0.43482826,0.136023495,-0.128171382,-0.242017439,-0.140138574,-0.023067045,-1.200411226,-0.23658931,-0.348519449,-0.435451749,-0.541389364
DG49,Hi-ID,185197.5,0.169824692,-0.429707661,-0.07401484,-0.281612608,-0.19178507,0.625577188,0.03030442,2.205834122,1.446490119,1.031539596,0.233802429,-0.315129743,-0.291224966,-0.008180562,-0.207079807,-0.259534914,-0.491632539,-0.504128793,-0.483250012,-0.305708896,-0.800990375,-0.747688445,-0.576252641,-0.342559421,-0.706084812,0.043517366,-0.732171174,-0.47962468,-0.375139666,-0.567172891,-0.289145924,-0.503715442,-0.511726287,0.631558227,-0.38301435,-1.254626925,-1.433864685,-0.735712045,-0.435512645,-1.088560014,-0.165796207,-0.528997144,-0.526905068,1.087669909,-0.513158928,-0.594547478,-0.191301453,0.305712916,-0.396021827,-0.275824353,-0.787569099,-0.398041921,0.308703765,-0.263285003,-0.348944403,1.036900523,-0.186262555,-0.443568482,-0.385992087,-0.42581604,-0.139405612,-0.484018094,-0.147780244,-0.317377914,-0.382723835,-0.119243729,-0.202066371,-0.45469457,-0.433991557,-0.610528023,0.222555815,-0.444791465,-0.159503782,4.392233133,-0.323046839,-0.096934785,-0.180832386,-0.332658307,-0.235748644,-0.236476746,-0.330749599,-0.33277935,-0.295564233,-0.281481206,-0.28271027,-0.039605019,-0.112132601,-0.344783006,-0.233808275,-0.176807354,-0.581529048,-0.216090574,-0.333595452,-0.262867863,-0.250769533,-0.402425037,-0.320173082,-0.298956033,-0.283074615,-0.330917953,-0.304186893,-0.250756219,-0.352977108,-0.273715512,-0.284615232,0.600550213,-0.165877454,-0.242682369,-0.286375396,-0.211169691,1.277630273,-0.207620608,-0.347325917,-0.239009592,-0.118846546,-0.378575114,-0.166654253,-0.243158607,-0.271398638,-0.184262558,0.420499391,-0.211382288,-0.346522348,-0.20915083,-0.07601379
DG75,IV,0,-0.952780855,-0.361909509,-0.276151071,-0.387227533,-0.386938935,0.886519611,0.258729803,0.95945402,-0.061076539,0.44859677,0.143256154,-0.05588924,-0.432505596,-0.575503715,-1.101571287,-0.855238713,-0.389619978,-0.50032745,-0.373505369,-0.338247474,0.477582956,0.61867444,-0.50501526,-0.237192696,-0.122075414,-0.138862138,0.305194359,-0.464875393,-0.591151772,0.018361821,-0.381462595,-0.471211915,-0.500013367,-0.502341246,-0.413313476,0.40482232,0.365472869,-0.592909909,-0.303816777,-0.195386363,0.942591313,0.373754536,-0.475782606,-0.610711843,-0.814481835,0.329636849,-0.186205295,0.761501822,-0.28904603,-0.476504352,-0.304339235,-0.304354374,1.181120597,-0.473303185,-0.315800942,-0.032559017,-0.180037554,-0.021961152,-0.302192356,-0.318977198,-0.053972561,-0.42462437,0.520570339,-0.348032086,-0.227625157,0.042898454,-0.200438545,-0.310680687,-0.40243309,-0.467752843,-0.443431834,-0.428595549,0.030227926,-0.557413779,-0.494227238,0.365814104,-0.090127855,3.294737406,0.260413554,0.203175336,5.927001212,4.267712486,1.483067744,0.694533721,2.600477574,3.513186335,1.690592746,1.91225736,1.066822525,0.917187794,-0.455607356,-0.175567784,0.93743108,-0.050896693,-0.088677604,1.851657926,1.869674227,0.151691011,0.02793389,0.762713216,0.79538281,0.371955592,1.005913053,0.223259483,0.093751218,-1.641865174,-0.190177917,0.642270925,-0.286489362,-0.322828096,-1.379994648,-0.098737762,2.550727508,0.550576409,0.722501175,-1.20710395,-0.185468999,0.087014832,-0.217949727,-0.227678382,0.110733423,-0.087924782,2.34821844,0.976504282,0.533502493
DG82,ID/AE,11395,-0.391515404,0.117119081,-0.344754229,-0.129370166,-0.169914307,-0.654594252,-0.296101601,0.310023879,0.081059962,0.026497124,-1.088767132,0.012965226,-0.232266231,0.055194591,0.009008928,-0.330601333,-0.374572436,-0.487618748,-0.282422017,-0.206182934,-0.47785056,-0.146880468,-0.285460266,-0.121186066,-0.223285187,-1.329834156,-0.671367424,-0.425726525,-0.361446932,0.128579561,-0.026030973,-0.12473999,0.713157181,0.229713024,-0.005638761,-0.629947831,-0.4468645,0.030508922,-0.078147302,-0.14134005,-0.867789032,-0.544639154,0.439267912,0.198043113,0.274721449,-0.466631326,0.05397001,2.039389153,0.129192966,2.100085621,-0.089003289,2.50326373,1.026984019,0.4317686,2.087107094,-0.623940975,-0.150503561,0.893599271,-0.044410804,1.365411065,-0.395522162,0.246721891,0.425331345,-0.120348434,0.948932169,-0.010433355,-0.136237963,1.785393951,-0.205831853,0.557573897,-0.539766337,0.110736362,0.900014757,0.072921374,0.848779565,0.017273706,-0.153785389,-0.306114758,-0.217941216,-0.184257534,-0.217036877,-0.330777308,-0.280057988,-0.260356612,-0.259894496,-0.544058483,-0.257941029,-0.292417186,-0.315362099,-0.314072526,-0.626119419,-0.222554113,-0.334366653,-0.281520594,-0.248648224,-0.486262598,-0.381789059,-0.29639707,-0.281417075,-0.326213568,-0.489183465,-0.384050053,-0.347036103,-0.376609331,-0.326164253,-0.745454304,-0.157156801,-0.243692265,-0.230145332,-0.29339279,0.248619084,-0.226951006,-0.29791411,-0.335851258,-0.216202431,1.105709376,-0.1779406,-0.243336965,-0.174254582,-0.386066059,2.364063852,-0.209293635,-0.34757298,-0.174187478,-0.116387096
DJF9,IV,45,-0.245395403,-0.036077082,0.673088886,-0.229756703,-0.223650918,-1.345793047,-0.972611036,1.93797434,0.717982009,0.641913006,1.38524705,-0.474395486,-0.075488083,0.161347385,0.43561656,0.580843917,-0.140112705,2.71836825,0.506152182,0.447925252,-1.718461248,-1.601781562,-0.68133365,-0.364705979,-1.161089591,1.047683548,-0.590080291,2.142720976,0.732766695,1.80581261,0.448055457,-0.008127214,1.59458878,0.126788299,0.080852562,-1.818288684,-1.885599006,-0.859465556,-0.490089514,-1.342229725,1.310232942,-0.504387844,0.554153029,0.782097859,1.382912594,-0.547643653,-0.211792516,-0.286186282,-0.459782317,-0.480831019,-0.521735814,-0.14054855,-0.449424314,-0.259484085,-0.312963,-0.416137933,-0.196903161,1.376894212,-0.338709028,0.127391812,-0.651555573,-0.351437942,-0.305556476,-0.331365193,1.711722346,-0.051968245,-0.196236473,1.566793788,-0.358768508,0.265157947,-0.60828232,-0.289171031,-0.317960876,-0.309166615,0.113386277,3.407460557,1.411954062,3.561531895,4.632504097,3.546752308,1.699183143,2.612761479,3.109817546,3.642936134,3.384375464,3.982883031,2.716680364,3.218025456,5.340261495,3.788726631,-0.188352853,-0.183623295,-0.329359352,-0.262276887,-0.211099139,-0.332460172,-0.325342503,-0.276045726,-0.265496066,-0.326955677,-0.54587226,-0.25719424,-0.307788947,-0.353870851,-0.411070128,-1.408190141,-0.176620864,0.183783023,-0.342435313,-0.391287763,-0.858679488,-0.195243168,0.838392078,-0.284557113,-0.255537905,0.502666293,-0.080210157,-0.242701019,-0.083983321,-0.034906466,-0.313302889,-0.222407765,-0.336439239,-0.34018664,-0.370781374
HBN,ID/AE,315270,-0.32866316,-0.436420385,-0.420145206,-0.386773261,-0.125130316,-0.986782232,-1.010652725,-0.73292207,-0.549215728,-0.877290065,-0.546366333,-0.883701581,-0.463561581,-0.326233246,-0.078888898,0.08998265,-0.605581027,-0.513697402,-0.702881176,-0.408164766,-0.112844703,-0.195070289,-0.533012024,-0.372784783,-0.453016881,0.110230402,-0.853871564,-0.545256599,-0.823271043,-0.635821727,-0.51472796,-0.627900835,-0.515442883,-0.68236372,-0.461233725,0.064540875,-0.604689347,-0.445509058,-0.335217212,-0.336760921,-0.082886287,-0.346761281,-0.518252806,-0.52218084,-0.568314716,-0.153043575,-0.155071923,-0.417780098,-0.049230368,0.055132369,-0.59862068,-0.369679077,-0.472916771,-0.313163439,-0.468098348,-0.563853846,-0.221910753,-0.462183462,-0.447752645,-0.609698528,-0.341430595,-0.579962465,-0.488044847,-0.620824381,-0.750934884,-0.168258768,-0.204218122,-0.462341195,-0.491178455,-0.650275062,0.356656782,-0.48881574,-0.488526336,-0.578666759,-0.660321034,-0.268453944,-0.247578018,-0.328373511,-0.256158773,-0.246644592,-0.179451006,-0.263833958,-0.285718798,-0.261434184,-0.283929545,-0.1079579,-0.179745084,-0.324499002,-0.278652442,-0.227924215,-0.268453944,-0.227531312,-0.33478947,-0.267879792,-0.239270495,-0.40921651,-0.36690541,-0.295692502,-0.275255233,-0.324117077,-0.457980874,-0.157535633,-0.346127943,-0.325999776,-0.291536988,-0.501157616,-0.171521802,-0.242110414,-0.283632253,-0.435974453,0.247964855,-0.225957914,-0.344405043,-0.292497873,-0.309489161,-0.429332233,-0.140225961,-0.242419617,-0.216380029,-0.350985523,0.130755902,-0.216636465,-0.348674292,-0.322870344,-0.395367026
HCA,AE,187338.9535,-0.357747823,-0.612444819,-0.300318786,-0.604173523,-0.280148222,-0.69822546,-0.717600996,-0.633819702,-0.335586914,-0.708588478,-0.463812637,-0.21303352,-0.14369666,-0.149361643,-0.07166818,-0.251810304,-0.561946771,-0.523079566,-0.651772281,-0.360209898,-1.010582884,-0.670564079,-0.724879445,-0.367859406,-0.854415652,-0.694962988,-0.398986132,-0.591300227,-0.481046958,-0.239607695,-0.662318183,-0.402479252,1.994768646,-0.244538464,0.200221829,-0.540745259,0.036476137,-0.450601577,-0.2789715,-0.566152632,-0.595898554,0.116882406,2.067870705,0.52230112,0.405909817,0.460961328,-0.193031983,-0.38484375,-0.324519145,-0.343330415,-0.282165054,-0.458942325,-0.460672504,-0.575383729,-0.390289964,1.301529098,-0.171383386,-0.433542128,-0.426033022,-0.43514232,0.056495184,-0.400510234,-0.471301674,-0.643920887,-0.272017841,1.525680501,-0.147028715,-0.251491322,-0.251803531,0.927690638,-0.282165054,-0.137024788,-0.426627333,-0.339251802,0.636275096,-0.118637872,-0.200042161,-0.333875148,-0.22643639,-0.211099139,-0.561813244,-0.373098672,-0.293955565,-0.278606404,-0.337221812,-0.461981136,-0.274151527,-0.336622634,-0.229090028,-0.202390254,-0.28842942,-0.15545032,-0.333710919,-0.236457414,-0.260067754,-0.480907475,-0.405202879,-0.301426561,-0.284354542,-0.379157207,-0.54123634,-0.272738842,-0.323682831,-0.253125184,-0.261285486,0.126574901,-0.149557543,-0.242798153,-0.233518194,-0.224914935,-0.393670926,-0.219923502,-0.347377193,-0.337333714,-0.424250754,-0.319464287,-0.153708965,-0.242584012,-0.249003229,-0.37831841,0.105004493,-0.208737763,-0.34947112,-0.30314434,-0.35168679
HCE,Hi-ID,29595,0.044036198,0.388661177,-0.349797549,-0.144271034,0.12630947,-0.006583583,0.013420077,-0.067584783,-0.158240093,0.474995709,-0.000285878,-0.182092038,-0.070101798,0.493567915,3.656888541,-0.157411913,-0.489586241,-0.534528058,-0.644261282,-0.420907257,1.091770317,0.536768891,0.638456574,-0.003259955,0.258771121,0.86701837,-0.512957088,-0.67737476,-0.683774706,2.377410987,0.46931555,-0.238514361,-0.516434075,-0.303536258,-0.248967576,3.297879152,2.268504425,0.513012874,0.294197891,1.653199066,1.637955481,3.979632212,-0.579726516,-0.536094098,4.435992984,-0.335004891,-0.14887661,-0.455595564,-0.221548681,-0.239217211,0.648932578,-0.008426203,-0.477923217,-0.304797184,0.998690509,-0.783283875,-0.229821018,-0.460569782,-0.509297251,-0.684279377,1.319621563,-0.392988295,-0.483938096,-0.486248626,0.259913131,-2.102865679,-0.254182089,-0.460694659,-0.486991653,-0.453439082,-0.084437619,-0.31723818,-0.484579881,-0.425851965,0.563412084,-0.258466206,-0.12168962,-0.333877201,-0.228858766,-0.226791991,-0.398275972,-0.382822415,-0.296350054,-0.279220456,-0.31161055,0.022530588,-0.148785521,-0.357999979,-0.292140016,-0.310135342,-0.439577195,-0.092876477,-0.332207047,-0.251067011,-0.216046877,-0.180282202,-0.272040059,-0.293473063,-0.270662796,-0.25549222,-0.343665064,-0.104318637,-0.361810434,-0.309590344,0.172260692,0.266763024,-0.163150236,-0.242967266,-0.291953443,-0.375312803,-0.268583646,-0.219911993,-0.348194429,-0.333923992,-0.23116249,-0.126145667,-0.161638945,-0.242777491,-0.251809495,-0.343794638,-0.096192232,-0.210830803,-0.342853327,-0.227266982,-0.065359984
HCL,IV,45,1.491744664,5.872393936,0.938988546,0.937184302,1.065445728,3.769099659,3.336585485,3.732361303,9.534363095,4.151333655,0.128760676,4.577763958,1.224043528,3.090053685,1.754936456,0.389490023,3.143071803,0.352866734,0.445021101,0.447002099,2.06672846,1.704962414,0.686103661,3.90419837,1.054855787,-0.921436892,2.266426366,0.750674984,2.714500312,2.278435415,0.839093891,3.037089318,0.159052659,0.361756422,0.282219422,1.781412049,0.99089359,0.37901436,3.044453798,1.194896048,0.016239505,2.468668407,0.571892015,2.354594996,1.699831304,0.566167005,10.21672888,-0.42331741,5.385446493,6.368239612,0.045449477,3.927847519,-0.476834274,1.194108401,0.395951259,-0.171574902,4.775469091,-0.424561023,3.983207506,4.303338804,0.43232955,6.227054994,-0.471138878,1.040473806,0.943800235,0.589965129,2.54394541,-0.426190858,2.81457912,2.498393061,0.064793482,4.848757846,-0.473344277,0.880711982,0.741096114,0.526193671,0.104253494,1.692987229,0.832582709,0.31420014,2.627831435,2.304209282,1.973684765,5.078972002,2.306198348,0.676130636,0.152775671,1.955113991,2.087609245,0.323719297,-0.717033668,-0.208147925,-0.332862385,-0.257981607,-0.272685407,-0.13763773,-0.273003149,-0.259899786,-0.21081422,-0.035074072,-0.089251961,-0.327825337,-0.336282671,-0.243724475,0.822707548,-1.035044669,0.062919307,2.002236772,0.426440922,0.325457342,-0.913410545,0.253149229,2.372489775,1.867739003,0.759887049,-0.077822735,-0.146553686,-0.242701736,-0.255505882,-0.334284874,-1.30447651,-0.249216571,-0.343452629,-0.422097789,-0.597073549
O96,Lo-ID,58960,-0.824835966,-0.370862482,-0.507310563,-0.385514655,-0.364957356,-0.448831981,-0.253907441,-0.0568677,-0.090750478,-0.038779839,0.183368212,-0.16501205,-0.519576237,-0.444804271,-0.627659114,-0.530768031,-0.467551916,-0.506784204,-0.558649328,-0.346496855,-1.077893685,-0.878216956,-0.78585513,-0.532904342,-0.857144845,-0.566088891,0.471904292,-0.543717087,-0.515793017,-0.502862149,-0.076299404,-0.116662839,0.225825864,0.438733848,-0.219324508,-0.355377125,-0.393282397,1.494936557,0.64337197,0.070836025,0.104477989,0.2478041,-0.249354458,0.99863359,-0.080929552,-1.176353917,-0.225080581,-0.39478721,-0.407692377,-0.511559355,-0.737902293,-0.507430276,-0.455738913,-0.631373471,-0.567748583,-1.176353917,-0.225080581,-0.422731937,-0.474041187,-0.507173107,-0.786449849,-0.482974851,-0.466688846,-0.620350566,-0.518824952,-1.305859998,-0.195294903,0.376072801,-0.109457831,-0.203059935,-0.656989702,-0.245906948,-0.32208243,0.543994849,0.135773234,-0.74809341,-0.242101897,-0.33402228,-0.286665756,-0.284084115,-0.297428,-0.319838739,-0.296014379,-0.28365734,-0.356201042,-0.690347889,-0.408633882,-0.361278775,-0.414072154,-0.472401514,-1.173507213,-0.268847945,-0.335529591,-0.288445038,-0.273747907,-0.22988716,-0.328410089,-0.295588249,-0.281944714,-0.335823627,-0.757028949,-0.363751419,-0.357551496,-0.383486021,-0.519741252,1.22519838,-0.127122106,-0.242715898,-0.165499047,-0.048380942,-0.399578437,-0.23666511,-0.349276576,-0.356258903,-0.411964425,0.157452532,-0.15829825,-0.242649378,-0.226018015,-0.243247633,-1.451293656,-0.249957044,-0.348906383,-0.424306625,-0.556182459
OHJ,AE,70927.78481,-0.423034897,-0.479586474,1.439786842,1.572827659,-0.202240105,0.726511545,0.603725693,1.267784464,-0.001436642,1.013175782,-0.366124091,-0.164804603,1.385150718,1.378304374,0.126040785,0.271102208,-0.927980059,-0.512468914,-0.54536292,-0.370004785,1.015983066,1.246000525,0.014468045,0.037769153,0.862625188,-0.230942412,-1.214537095,-0.526093401,-0.320945009,-0.347736857,0.20027189,-0.415709175,3.430931516,1.889052162,0.121979277,1.048043315,0.997827982,1.352109328,0.373872678,1.792176059,-0.298533254,-0.333605807,2.356634499,2.187744115,2.076889899,0.641527736,-0.161177917,2.234560856,1.327483639,0.041661356,-0.578263937,-0.439853972,1.546500879,2.847782077,0.033203778,1.253166929,-0.216179095,-0.356287355,-0.412164025,-0.457702499,-0.657208384,-0.766061805,-0.284876885,-0.591854314,-0.649723318,1.978599459,-0.008266843,2.899196647,1.249413668,0.95329072,-0.429146648,-0.078809559,2.091991604,3.605096504,9.053491917,0.060068909,-0.202116646,-0.199846733,-0.151830092,-0.18258587,0.403399854,0.198426608,0.094356791,-0.047561321,0.24347293,-0.396951227,-0.153235048,-0.141930387,-0.247219403,-0.200092595,0.16624728,-0.205702678,-0.333857003,-0.246911519,-0.221314868,-0.105467307,-0.236991328,-0.272557454,-0.267949322,-0.281424269,-0.368500642,-0.240607579,-0.348267801,-0.318912839,-0.255018646,-1.434190509,-0.169344084,-0.234140155,-0.297369085,-0.428486266,-0.093923923,-0.228675852,0.068790892,-0.206633802,-0.310263999,-0.461967969,-0.143539777,-0.24292928,-0.270378371,-0.350815465,1.022083651,-0.218760774,-0.338795014,-0.236168058,-0.272989601